symbol,date,open,high,low,close,volume,amount
516700.SH,2021-05-19,0.999,0.999,0.99,0.992,31914399,31660978
516700.SH,2021-05-20,0.991,1.003,0.99,0.999,57002538,57009199
516700.SH,2021-05-21,0.992,1.002,0.98,0.982,12569500,12395877
516700.SH,2021-05-24,0.982,1.014,0.982,1.014,89930500,90493198
516700.SH,2021-05-25,1.014,1.051,1.014,1.051,41608700,43086829
516700.SH,2021-05-26,1.052,1.06,1.043,1.045,35640500,37484562
516700.SH,2021-05-27,1.045,1.055,1.04,1.047,12780100,13398856
516700.SH,2021-05-28,1.047,1.051,1.04,1.046,11908000,12450109
516700.SH,2021-05-31,1.041,1.056,1.041,1.053,9318100,9797383
516700.SH,2021-06-01,1.052,1.059,1.044,1.058,11300300,11910951
516700.SH,2021-06-02,1.058,1.058,1.026,1.031,11223700,11602270
516700.SH,2021-06-03,1.031,1.045,1.026,1.026,5858200,6064639
516700.SH,2021-06-04,1.026,1.034,1.023,1.026,3569400,3674444
516700.SH,2021-06-07,1.029,1.049,1.028,1.048,6429000,6698892
516700.SH,2021-06-08,1.049,1.054,1.038,1.046,9837900,10307421
516700.SH,2021-06-09,1.046,1.051,1.041,1.051,8255277,8640496
516700.SH,2021-06-10,1.053,1.083,1.053,1.079,15094400,16202660
516700.SH,2021-06-11,1.079,1.086,1.061,1.063,5826877,6262906
516700.SH,2021-06-15,1.065,1.072,1.057,1.065,7287977,7756530
516700.SH,2021-06-16,1.068,1.075,1.051,1.052,2858200,3026772
516700.SH,2021-06-17,1.049,1.077,1.049,1.072,5725000,6108055
516700.SH,2021-06-18,1.072,1.084,1.065,1.067,7758100,8313076
516700.SH,2021-06-21,1.064,1.078,1.058,1.072,4925400,5284082
516700.SH,2021-06-22,1.069,1.07,1.06,1.064,2764100,2946467
516700.SH,2021-06-23,1.065,1.071,1.052,1.069,5229000,5577307
516700.SH,2021-06-24,1.069,1.069,1.043,1.043,3901500,4088016
516700.SH,2021-06-25,1.04,1.049,1.038,1.044,2972100,3100025
516700.SH,2021-06-28,1.044,1.055,1.042,1.052,2892300,3040759
516700.SH,2021-06-29,1.056,1.066,1.052,1.054,3549000,3752900
516700.SH,2021-06-30,1.053,1.067,1.049,1.066,1414500,1498371
516700.SH,2021-07-01,1.068,1.068,1.05,1.051,612400,649630
516700.SH,2021-07-02,1.051,1.051,1.031,1.034,835600,866026
516700.SH,2021-07-05,1.027,1.048,1.027,1.04,5377900,5584298
516700.SH,2021-07-06,1.042,1.048,1.032,1.042,4204500,4380132
516700.SH,2021-07-07,1.037,1.049,1.03,1.049,3901200,4067370
516700.SH,2021-07-08,1.049,1.055,1.046,1.054,3429400,3602182
516700.SH,2021-07-09,1.056,1.056,1.033,1.047,3619762,3769664
516700.SH,2021-07-12,1.042,1.097,1.042,1.096,10674600,11545455
516700.SH,2021-07-13,1.101,1.128,1.101,1.115,8514800,9537256
516700.SH,2021-07-14,1.115,1.119,1.101,1.102,6055500,6741944
516700.SH,2021-07-15,1.102,1.108,1.095,1.105,5175700,5717312
516700.SH,2021-07-16,1.109,1.117,1.099,1.101,3229400,3589790
516700.SH,2021-07-19,1.092,1.116,1.091,1.113,8175800,9041902
516700.SH,2021-07-20,1.102,1.102,1.086,1.096,3209600,3524575
516700.SH,2021-07-21,1.104,1.117,1.104,1.114,5414400,6023432
516700.SH,2021-07-22,1.118,1.124,1.113,1.121,6197200,6930287
516700.SH,2021-07-23,1.127,1.127,1.092,1.092,3191000,3499477
516700.SH,2021-07-26,1.094,1.096,1.06,1.071,5554400,6017862
516700.SH,2021-07-27,1.073,1.093,1.061,1.064,2729600,2938630
516700.SH,2021-07-28,1.063,1.064,1.029,1.041,5752900,5997508
516700.SH,2021-07-29,1.036,1.066,1.036,1.061,6252700,6639589
516700.SH,2021-07-30,1.062,1.062,1.048,1.061,4526300,4768828
516700.SH,2021-08-02,1.056,1.094,1.056,1.094,6571000,7126862
516700.SH,2021-08-03,1.094,1.117,1.092,1.103,5687700,6276212
516700.SH,2021-08-04,1.098,1.105,1.095,1.105,3858200,4238451
516700.SH,2021-08-05,1.1,1.1,1.074,1.078,2933000,3166923
516700.SH,2021-08-06,1.083,1.087,1.066,1.078,3648500,3908347
516700.SH,2021-08-09,1.078,1.099,1.078,1.098,1679200,1831741
516700.SH,2021-08-10,1.092,1.109,1.089,1.108,4537800,4988206
516700.SH,2021-08-11,1.11,1.11,1.089,1.092,3448400,3769706
516700.SH,2021-08-12,1.098,1.112,1.089,1.09,3475400,3817340
516700.SH,2021-08-13,1.081,1.082,1.059,1.064,2923500,3110944
516700.SH,2021-08-16,1.06,1.065,1.054,1.06,3144600,3340448
516700.SH,2021-08-17,1.06,1.06,1.029,1.032,4120300,4311290
516700.SH,2021-08-18,1.033,1.04,1.026,1.039,3100600,3198641
516700.SH,2021-08-19,1.043,1.049,1.041,1.041,3734300,3901578
516700.SH,2021-08-20,1.041,1.054,1.03,1.044,3994600,4163835
516700.SH,2021-08-23,1.044,1.07,1.044,1.069,2621200,2764692
516700.SH,2021-08-24,1.067,1.071,1.063,1.067,3572200,3806143
516700.SH,2021-08-25,1.07,1.072,1.063,1.066,2890700,3091702
516700.SH,2021-08-26,1.056,1.057,1.042,1.042,3458600,3634821
516700.SH,2021-08-27,1.04,1.043,1.032,1.043,1847200,1916421
516700.SH,2021-08-30,1.062,1.064,1.037,1.042,4047800,4233862
516700.SH,2021-08-31,1.033,1.033,1.019,1.028,4047800,4153919
516700.SH,2021-09-01,1.02,1.033,1.012,1.03,3174000,3239801
516700.SH,2021-09-02,1.029,1.031,1.02,1.023,4779200,4896178
516700.SH,2021-09-03,1.033,1.038,1.027,1.031,2728300,2820889
516700.SH,2021-09-06,1.027,1.056,1.027,1.055,2540500,2671709
516700.SH,2021-09-07,1.058,1.061,1.051,1.058,2453500,2590177
516700.SH,2021-09-08,1.063,1.063,1.05,1.057,566300,598527
516700.SH,2021-09-09,1.051,1.053,1.043,1.045,2336900,2448219
516700.SH,2021-09-10,1.048,1.053,1.043,1.046,2067200,2162793
516700.SH,2021-09-13,1.046,1.046,1.036,1.039,1650900,1712522
516700.SH,2021-09-14,1.038,1.053,1.032,1.033,1615900,1690580
516700.SH,2021-09-15,1.03,1.03,1.021,1.024,2924900,2993890
516700.SH,2021-09-16,1.029,1.029,1.01,1.013,1556600,1590886
516700.SH,2021-09-17,1.012,1.017,1.001,1.017,1449600,1463259
516700.SH,2021-09-22,1.006,1.02,1.006,1.017,1605500,1632866
516700.SH,2021-09-23,1.021,1.031,1.021,1.029,1475200,1519272
516700.SH,2021-09-24,1.033,1.043,1.033,1.033,2748500,2849557
516700.SH,2021-09-27,1.033,1.051,1.029,1.029,1121100,1164647
516700.SH,2021-09-28,1.024,1.031,1.021,1.025,2240800,2304994
516700.SH,2021-09-29,1.023,1.023,0.999,1.005,1063100,1068971
516700.SH,2021-09-30,1.009,1.026,1.009,1.021,160400,163710
516700.SH,2021-10-08,1.016,1.041,1.016,1.04,2457200,2550212
516700.SH,2021-10-11,1.041,1.041,1.032,1.035,1820300,1885820
516700.SH,2021-10-12,1.038,1.038,1.019,1.021,1563300,1604274
516700.SH,2021-10-13,1.025,1.03,1.021,1.029,1970000,2021879
516700.SH,2021-10-14,1.027,1.034,1.022,1.034,448100,459411
516700.SH,2021-10-15,1.029,1.054,1.029,1.048,1595000,1672731
516700.SH,2021-10-18,1.048,1.048,1.027,1.034,2903800,3001911
516700.SH,2021-10-19,1.038,1.044,1.03,1.036,2714300,2811770
516700.SH,2021-10-20,1.047,1.05,1.029,1.031,2344900,2430722
516700.SH,2021-10-21,1.029,1.03,1.02,1.022,3247600,3330556
516700.SH,2021-10-22,1.022,1.036,1.022,1.029,1968400,2029534
516700.SH,2021-10-25,1.034,1.034,1.014,1.026,1685800,1717210
516700.SH,2021-10-26,1.028,1.034,1.025,1.026,1353400,1390132
516700.SH,2021-10-27,1.025,1.026,1.01,1.013,1401900,1422290
516700.SH,2021-10-28,1.014,1.021,1.009,1.011,1558400,1582727
516700.SH,2021-10-29,1.02,1.031,1.019,1.03,1638400,1680846
516700.SH,2021-11-01,1.03,1.034,1.026,1.033,1235000,1269786
516700.SH,2021-11-02,1.032,1.042,1.022,1.026,2275200,2356955
516700.SH,2021-11-03,1.034,1.043,1.034,1.039,1311100,1362858
516700.SH,2021-11-04,1.04,1.04,1.034,1.039,1635300,1695296
516700.SH,2021-11-05,1.039,1.056,1.039,1.05,2538900,2673697
516700.SH,2021-11-08,1.045,1.05,1.041,1.042,1870400,1951672
516700.SH,2021-11-09,1.042,1.06,1.04,1.057,1771200,1851106
516700.SH,2021-11-10,1.057,1.057,1.049,1.054,188700,198864
516700.SH,2021-11-11,1.049,1.063,1.047,1.061,1231600,1306807
516700.SH,2021-11-12,1.061,1.07,1.061,1.068,1595200,1703797
516700.SH,2021-11-15,1.068,1.08,1.068,1.071,1429700,1538321
516700.SH,2021-11-16,1.073,1.082,1.069,1.071,661500,710495
516700.SH,2021-11-17,1.071,1.079,1.069,1.077,1862000,2002206
516700.SH,2021-11-18,1.076,1.077,1.054,1.055,2854000,3025685
516700.SH,2021-11-19,1.054,1.064,1.054,1.062,1480600,1569914
516700.SH,2021-11-22,1.059,1.072,1.059,1.068,2413700,2572249
516700.SH,2021-11-23,1.064,1.064,1.055,1.061,303400,320907
516700.SH,2021-11-24,1.055,1.06,1.05,1.056,1205500,1269827
516700.SH,2021-11-25,1.05,1.054,1.048,1.052,45500,47860
516700.SH,2021-11-26,1.047,1.047,1.034,1.042,384200,398543
516700.SH,2021-11-29,1.056,1.056,1.029,1.036,2809100,2899794
516700.SH,2021-11-30,1.046,1.06,1.044,1.055,1891700,1991534
516700.SH,2021-12-01,1.055,1.075,1.055,1.073,3175700,3389726
516700.SH,2021-12-02,1.072,1.072,1.042,1.043,3478100,3672198
516700.SH,2021-12-03,1.051,1.054,1.047,1.05,2399400,2517850
516700.SH,2021-12-06,1.045,1.045,1.029,1.031,659900,683453
516700.SH,2021-12-07,1.035,1.035,1.027,1.031,1590700,1640284
516700.SH,2021-12-08,1.029,1.059,1.029,1.059,2477700,2602406
516700.SH,2021-12-09,1.055,1.076,1.055,1.069,2750400,2932081
516700.SH,2021-12-10,1.068,1.068,1.054,1.057,2380900,2520055
516700.SH,2021-12-13,1.064,1.077,1.064,1.074,2757500,2958975
516700.SH,2021-12-14,1.075,1.08,1.066,1.079,2182900,2351563
516700.SH,2021-12-15,1.078,1.083,1.071,1.073,1361600,1467706
516700.SH,2021-12-16,1.074,1.075,1.066,1.074,186100,199580
516700.SH,2021-12-17,1.074,1.074,1.059,1.06,1386700,1475692
516700.SH,2021-12-20,1.06,1.062,1.041,1.041,2971600,3106673
516700.SH,2021-12-21,1.051,1.058,1.046,1.058,3204900,3365903
516700.SH,2021-12-22,1.059,1.068,1.059,1.063,1098800,1172042
516700.SH,2021-12-23,1.062,1.064,1.058,1.058,3231400,3424078
516700.SH,2021-12-24,1.061,1.062,1.051,1.054,2847800,2999975
516700.SH,2021-12-27,1.049,1.053,1.046,1.049,2265900,2380598
516700.SH,2021-12-28,1.053,1.061,1.053,1.057,680500,719092
516700.SH,2021-12-29,1.061,1.061,1.039,1.043,2017300,2104844
516700.SH,2021-12-30,1.046,1.059,1.046,1.056,2019400,2128313
516700.SH,2021-12-31,1.059,1.061,1.055,1.06,1726300,1828684
516700.SH,2022-01-04,1.065,1.072,1.058,1.069,1550500,1652255
516700.SH,2022-01-05,1.069,1.073,1.057,1.061,205800,219537
516700.SH,2022-01-06,1.056,1.056,1.034,1.04,807400,840090
516700.SH,2022-01-07,1.035,1.044,1.022,1.022,815400,847963
516700.SH,2022-01-10,1.022,1.04,1.005,1.035,901400,927735
516700.SH,2022-01-11,1.03,1.035,1.015,1.016,653800,669280
516700.SH,2022-01-12,1.021,1.027,1.018,1.027,470900,480849
516700.SH,2022-01-13,1.03,1.04,1.016,1.017,881700,906283
516700.SH,2022-01-14,1.01,1.028,1.009,1.018,727600,744772
516700.SH,2022-01-17,1.022,1.079,1.022,1.075,4508800,4762609
516700.SH,2022-01-18,1.075,1.107,1.075,1.085,3978600,4348751
516700.SH,2022-01-19,1.085,1.089,1.073,1.084,1937600,2096005
516700.SH,2022-01-20,1.085,1.085,1.066,1.072,2682500,2878564
516700.SH,2022-01-21,1.067,1.081,1.062,1.064,1156300,1235623
516700.SH,2022-01-24,1.069,1.084,1.069,1.075,1348300,1454794
516700.SH,2022-01-25,1.055,1.075,1.029,1.029,2746300,2884268
516700.SH,2022-01-26,1.03,1.043,1.013,1.026,1578300,1620862
516700.SH,2022-01-27,1.018,1.018,0.982,0.982,2235300,2219778
516700.SH,2022-01-28,0.984,0.996,0.975,0.975,2522200,2489699
516700.SH,2022-02-07,0.981,0.99,0.963,0.968,2471300,2410553
516700.SH,2022-02-08,0.96,0.972,0.947,0.971,2532500,2426855
516700.SH,2022-02-09,0.968,0.998,0.968,0.996,2220600,2197723
516700.SH,2022-02-10,1.0,1.0,0.979,0.983,1027400,1012218
516700.SH,2022-02-11,0.98,0.985,0.963,0.966,1107300,1072904
516700.SH,2022-02-14,0.948,0.97,0.945,0.958,765000,734672
516700.SH,2022-02-15,0.966,0.967,0.955,0.966,1125800,1083063
516700.SH,2022-02-16,0.966,0.981,0.966,0.97,1309800,1271070
516700.SH,2022-02-17,0.965,0.969,0.958,0.959,1270900,1227553
516700.SH,2022-02-18,0.968,0.991,0.968,0.99,6798400,6680405
516700.SH,2022-02-21,1.088,1.089,0.999,1.027,23554300,23921389
516700.SH,2022-02-22,1.026,1.026,0.999,1.003,9172900,9226061
516700.SH,2022-02-23,1.0,1.022,1.0,1.018,6581500,6657101
516700.SH,2022-02-24,1.014,1.016,0.962,0.982,9740600,9629971
516700.SH,2022-02-25,0.982,0.995,0.979,0.982,4505600,4446636
516700.SH,2022-02-28,0.982,0.988,0.964,0.981,2341200,2286711
516700.SH,2022-03-01,0.981,0.99,0.98,0.987,3314000,3263321
516700.SH,2022-03-02,0.98,0.984,0.976,0.981,2284000,2235516
516700.SH,2022-03-03,0.976,0.984,0.964,0.966,4535600,4391157
516700.SH,2022-03-04,0.961,0.963,0.947,0.953,2617500,2497381
516700.SH,2022-03-07,0.953,0.953,0.911,0.915,3514400,3242536
516700.SH,2022-03-08,0.915,0.927,0.897,0.903,2216100,2023186
516700.SH,2022-03-09,0.908,0.908,0.85,0.897,4337400,3819976
516700.SH,2022-03-10,0.934,0.935,0.899,0.899,2944800,2671324
516700.SH,2022-03-11,0.89,0.908,0.872,0.905,1335900,1183754
516700.SH,2022-03-14,0.905,0.905,0.878,0.884,1446200,1286874
516700.SH,2022-03-15,0.871,0.889,0.843,0.844,3787900,3266734
516700.SH,2022-03-16,0.85,0.882,0.835,0.877,4352600,3717613
516700.SH,2022-03-17,0.877,0.906,0.877,0.896,5202800,4673214
516700.SH,2022-03-18,0.896,0.896,0.883,0.891,588200,522674
516700.SH,2022-03-21,0.89,0.897,0.882,0.891,2574200,2286766
516700.SH,2022-03-22,0.885,0.897,0.885,0.89,996800,886066
516700.SH,2022-03-23,0.889,0.893,0.883,0.888,1825800,1626514
516700.SH,2022-03-24,0.879,0.879,0.865,0.87,3977000,3455326
516700.SH,2022-03-25,0.876,0.877,0.857,0.858,869300,756005
516700.SH,2022-03-28,0.858,0.858,0.841,0.853,1422700,1204596
516700.SH,2022-03-29,0.852,0.856,0.838,0.84,1402000,1187861
516700.SH,2022-03-30,0.84,0.856,0.84,0.856,2917000,2474203
516700.SH,2022-03-31,0.852,0.852,0.845,0.85,2402100,2037679
516700.SH,2022-04-01,0.849,0.856,0.843,0.853,1264100,1076187
516700.SH,2022-04-06,0.853,0.857,0.847,0.851,1192300,1017573
516700.SH,2022-04-07,0.847,0.851,0.828,0.828,1226900,1033569
516700.SH,2022-04-08,0.83,0.83,0.807,0.815,2455700,1995820
516700.SH,2022-04-11,0.815,0.815,0.773,0.778,2523000,1987483
516700.SH,2022-04-12,0.778,0.795,0.77,0.795,2005000,1572252
516700.SH,2022-04-13,0.785,0.788,0.776,0.776,1633500,1279997
516700.SH,2022-04-14,0.783,0.788,0.778,0.782,1366500,1068771
516700.SH,2022-04-15,0.78,0.782,0.767,0.775,187100,144377
516700.SH,2022-04-18,0.763,0.78,0.761,0.778,369600,287272
516700.SH,2022-04-19,0.79,0.79,0.773,0.777,132000,102703
516700.SH,2022-04-20,0.787,0.789,0.772,0.773,382300,299573
516700.SH,2022-04-21,0.768,0.772,0.745,0.746,304800,231171
516700.SH,2022-04-22,0.741,0.745,0.733,0.736,489000,360877
516700.SH,2022-04-25,0.718,0.718,0.678,0.678,2783500,1959181
516700.SH,2022-04-26,0.679,0.679,0.642,0.643,2476100,1649307
516700.SH,2022-04-27,0.642,0.677,0.636,0.677,2437400,1568767
516700.SH,2022-04-28,0.67,0.671,0.656,0.664,2432300,1600178
516700.SH,2022-04-29,0.671,0.71,0.671,0.709,2335200,1592146
516700.SH,2022-05-05,0.709,0.717,0.7,0.707,3120500,2218990
516700.SH,2022-05-06,0.692,0.725,0.689,0.709,4148300,2920823
516700.SH,2022-05-09,0.709,0.709,0.697,0.7,2047200,1437783
516700.SH,2022-05-10,0.689,0.711,0.689,0.71,2544500,1795145
516700.SH,2022-05-11,0.712,0.732,0.711,0.715,752600,543899
516700.SH,2022-05-12,0.716,0.721,0.711,0.717,3533500,2526860
516700.SH,2022-05-13,0.718,0.721,0.71,0.715,2021700,1440760
516700.SH,2022-05-16,0.723,0.723,0.707,0.709,949100,673047
516700.SH,2022-05-17,0.707,0.71,0.7,0.71,365700,257803
516700.SH,2022-05-18,0.715,0.73,0.715,0.717,2252400,1622660
516700.SH,2022-05-19,0.71,0.711,0.701,0.708,1377400,971542
516700.SH,2022-05-20,0.716,0.722,0.709,0.722,2172400,1555031
516700.SH,2022-05-23,0.722,0.725,0.717,0.723,1440200,1036143
516700.SH,2022-05-24,0.723,0.723,0.688,0.688,1810700,1274163
516700.SH,2022-05-25,0.696,0.698,0.689,0.696,778800,541085
516700.SH,2022-05-26,0.69,0.708,0.686,0.704,1042300,736589
516700.SH,2022-05-27,0.704,0.714,0.701,0.704,1049600,743999
516700.SH,2022-05-30,0.705,0.722,0.705,0.721,1807300,1294630
516700.SH,2022-05-31,0.719,0.74,0.719,0.738,2044000,1491771
516700.SH,2022-06-01,0.739,0.742,0.731,0.736,484600,357334
516700.SH,2022-06-02,0.741,0.748,0.728,0.746,856800,633372
516700.SH,2022-06-06,0.746,0.772,0.746,0.771,2200700,1692017
516700.SH,2022-06-07,0.773,0.773,0.759,0.768,322700,246526
516700.SH,2022-06-08,0.768,0.78,0.762,0.773,1489400,1141584
516700.SH,2022-06-09,0.773,0.773,0.75,0.753,2725300,2058232
516700.SH,2022-06-10,0.748,0.765,0.748,0.764,1841000,1393821
516700.SH,2022-06-13,0.764,0.766,0.757,0.761,1115200,847240
516700.SH,2022-06-14,0.752,0.759,0.734,0.759,447600,332825
516700.SH,2022-06-15,0.772,0.781,0.764,0.77,1462200,1126239
516700.SH,2022-06-16,0.772,0.782,0.772,0.774,4236800,3293043
516700.SH,2022-06-17,0.775,0.776,0.758,0.774,750600,574886
516700.SH,2022-06-20,0.774,0.793,0.774,0.792,2570800,2018233
516700.SH,2022-06-21,0.805,0.814,0.782,0.795,1777400,1398825
516700.SH,2022-06-22,0.79,0.794,0.769,0.77,2146400,1675525
516700.SH,2022-06-23,0.772,0.794,0.771,0.793,1450200,1135163
516700.SH,2022-06-24,0.798,0.807,0.795,0.802,2028400,1628448
516700.SH,2022-06-27,0.812,0.815,0.799,0.803,1818300,1459774
516700.SH,2022-06-28,0.803,0.81,0.791,0.809,500400,399884
516700.SH,2022-06-29,0.81,0.827,0.803,0.807,2133600,1738274
516700.SH,2022-06-30,0.812,0.812,0.796,0.809,2237000,1799812
516700.SH,2022-07-01,0.801,0.805,0.79,0.793,1053200,838156
516700.SH,2022-07-04,0.792,0.804,0.792,0.803,1114200,889336
516700.SH,2022-07-05,0.804,0.804,0.78,0.79,1919800,1508382
516700.SH,2022-07-06,0.79,0.795,0.78,0.785,1431700,1126326
516700.SH,2022-07-07,0.789,0.789,0.779,0.786,388300,305120
516700.SH,2022-07-08,0.785,0.793,0.785,0.787,2547600,2012641
516700.SH,2022-07-11,0.787,0.787,0.761,0.766,1701500,1301321
516700.SH,2022-07-12,0.76,0.765,0.752,0.753,768100,580356
516700.SH,2022-07-13,0.752,0.759,0.752,0.755,1169000,882047
516700.SH,2022-07-14,0.754,0.765,0.754,0.757,2912000,2216836
516700.SH,2022-07-15,0.759,0.76,0.744,0.745,1240500,929596
516700.SH,2022-07-18,0.748,0.765,0.748,0.763,818100,618058
516700.SH,2022-07-19,0.768,0.782,0.767,0.781,2787800,2161296
516700.SH,2022-07-20,0.783,0.787,0.779,0.785,1444900,1134439
516700.SH,2022-07-21,0.789,0.791,0.78,0.78,1092200,861053
516700.SH,2022-07-22,0.785,0.785,0.765,0.771,625100,483928
516700.SH,2022-07-25,0.772,0.774,0.76,0.763,865800,662617
516700.SH,2022-07-26,0.767,0.781,0.767,0.781,1882700,1462416
516700.SH,2022-07-27,0.781,0.786,0.778,0.781,545700,426600
516700.SH,2022-07-28,0.788,0.795,0.788,0.788,435300,344457
516700.SH,2022-07-29,0.793,0.793,0.775,0.777,1255600,981799
516700.SH,2022-08-01,0.768,0.783,0.768,0.781,148000,115213
516700.SH,2022-08-02,0.765,0.8,0.743,0.751,1982000,1485377
516700.SH,2022-08-03,0.75,0.776,0.75,0.76,507200,387689
516700.SH,2022-08-04,0.761,0.768,0.759,0.766,527100,401800
516700.SH,2022-08-05,0.776,0.808,0.776,0.805,3521600,2803832
516700.SH,2022-08-08,0.81,0.812,0.799,0.806,1181600,949137
516700.SH,2022-08-09,0.8,0.81,0.792,0.799,1804000,1434220
516700.SH,2022-08-10,0.799,0.799,0.788,0.791,3229300,2565472
516700.SH,2022-08-11,0.796,0.803,0.79,0.803,310400,248711
516700.SH,2022-08-12,0.803,0.803,0.793,0.796,276500,220572
516700.SH,2022-08-15,0.802,0.802,0.786,0.787,913400,718496
516700.SH,2022-08-16,0.792,0.792,0.775,0.778,1307900,1018261
516700.SH,2022-08-17,0.777,0.786,0.77,0.786,1234100,965290
516700.SH,2022-08-18,0.781,0.782,0.777,0.781,166100,129493
516700.SH,2022-08-19,0.776,0.791,0.772,0.772,1065600,829510
516700.SH,2022-08-22,0.771,0.781,0.764,0.776,429600,334018
516700.SH,2022-08-23,0.776,0.782,0.76,0.779,248700,193752
516700.SH,2022-08-24,0.778,0.778,0.748,0.748,1469400,1120515
516700.SH,2022-08-25,0.748,0.752,0.741,0.75,564000,421688
516700.SH,2022-08-26,0.744,0.756,0.744,0.746,130900,98215
516700.SH,2022-08-29,0.736,0.77,0.726,0.742,285000,210584
516700.SH,2022-08-30,0.748,0.749,0.743,0.748,97000,72406
516700.SH,2022-08-31,0.732,0.771,0.729,0.743,382600,284096
516700.SH,2022-09-01,0.754,0.756,0.738,0.745,120800,90817
516700.SH,2022-09-02,0.745,0.758,0.736,0.754,274000,205758
516700.SH,2022-09-05,0.757,0.757,0.743,0.749,188200,140109
516700.SH,2022-09-06,0.748,0.748,0.743,0.747,515500,384377
516700.SH,2022-09-07,0.753,0.77,0.743,0.749,253500,189402
516700.SH,2022-09-08,0.749,0.749,0.74,0.74,527200,392086
516700.SH,2022-09-09,0.735,0.75,0.73,0.747,220200,163697
516700.SH,2022-09-13,0.752,0.758,0.748,0.751,187300,140270
516700.SH,2022-09-14,0.739,0.748,0.737,0.748,88300,65505
516700.SH,2022-09-15,0.748,0.752,0.731,0.738,177600,131381
516700.SH,2022-09-16,0.739,0.751,0.735,0.735,848500,627339
516700.SH,2022-09-19,0.726,0.809,0.713,0.715,1838800,1320433
516700.SH,2022-09-20,0.739,0.739,0.71,0.715,1595100,1140284
516700.SH,2022-09-21,0.702,0.721,0.701,0.717,736900,525164
516700.SH,2022-09-22,0.722,0.73,0.712,0.717,402600,290928
516700.SH,2022-09-23,0.703,0.72,0.7,0.704,2103100,1479585
516700.SH,2022-09-26,0.718,0.72,0.69,0.69,2114600,1472345
516700.SH,2022-09-27,0.684,0.706,0.672,0.703,1547100,1080475
516700.SH,2022-09-28,0.699,0.702,0.688,0.689,1278700,887101
516700.SH,2022-09-29,0.697,0.702,0.685,0.688,2344800,1630119
516700.SH,2022-09-30,0.687,0.692,0.68,0.681,3391000,2324481
516700.SH,2022-10-10,0.681,0.681,0.657,0.67,3648300,2421701
516700.SH,2022-10-11,0.681,0.684,0.655,0.656,3370000,2220394
516700.SH,2022-10-12,0.651,0.682,0.65,0.682,1913400,1253074
516700.SH,2022-10-13,0.676,0.707,0.668,0.697,533400,369478
516700.SH,2022-10-14,0.695,0.712,0.695,0.711,2286700,1622852
516700.SH,2022-10-17,0.706,0.733,0.689,0.728,1406800,1023674
516700.SH,2022-10-18,0.728,0.728,0.718,0.72,2099800,1513847
516700.SH,2022-10-19,0.725,0.742,0.71,0.716,1697600,1213964
516700.SH,2022-10-20,0.713,0.731,0.709,0.723,2355700,1715148
516700.SH,2022-10-21,0.72,0.73,0.7,0.725,775100,559473
516700.SH,2022-10-24,0.72,0.741,0.709,0.724,2872400,2100819
516700.SH,2022-10-25,0.738,0.738,0.704,0.713,2640600,1881676
516700.SH,2022-10-26,0.716,0.752,0.716,0.749,1720100,1277416
516700.SH,2022-10-27,0.754,0.781,0.752,0.771,3144300,2438440
516700.SH,2022-10-28,0.771,0.777,0.754,0.758,2571700,1972163
516700.SH,2022-10-31,0.765,0.801,0.765,0.793,3623300,2858765
516700.SH,2022-11-01,0.799,0.814,0.791,0.806,1343200,1080797
516700.SH,2022-11-02,0.801,0.808,0.797,0.808,907900,729190
516700.SH,2022-11-03,0.79,0.83,0.784,0.791,2129400,1686439
516700.SH,2022-11-04,0.786,0.801,0.768,0.8,3697700,2940338
516700.SH,2022-11-07,0.8,0.812,0.792,0.796,1544600,1239281
516700.SH,2022-11-08,0.79,0.8,0.78,0.8,2869400,2278267
516700.SH,2022-11-09,0.795,0.804,0.779,0.794,2318300,1851544
516700.SH,2022-11-10,0.799,0.816,0.781,0.798,1583700,1261419
516700.SH,2022-11-11,0.803,0.819,0.795,0.803,2317800,1869423
516700.SH,2022-11-14,0.803,0.811,0.8,0.809,2142300,1725467
516700.SH,2022-11-15,0.826,0.831,0.816,0.824,1538400,1271929
516700.SH,2022-11-16,0.819,0.835,0.819,0.822,476400,393690
516700.SH,2022-11-17,0.829,0.847,0.818,0.846,2121300,1767078
516700.SH,2022-11-18,0.847,0.871,0.832,0.834,1613200,1371541
516700.SH,2022-11-21,0.829,0.83,0.812,0.828,2046700,1678135
516700.SH,2022-11-22,0.802,0.827,0.802,0.815,1571200,1290916
516700.SH,2022-11-23,0.809,0.815,0.794,0.806,774800,621872
516700.SH,2022-11-24,0.801,0.815,0.788,0.795,1469000,1172246
516700.SH,2022-11-25,0.794,0.805,0.785,0.786,1712500,1352236
516700.SH,2022-11-28,0.799,0.799,0.777,0.781,651100,509457
516700.SH,2022-11-29,0.78,0.796,0.78,0.795,350700,277400
516700.SH,2022-11-30,0.791,0.798,0.788,0.792,1664500,1316162
516700.SH,2022-12-01,0.799,0.813,0.799,0.812,634600,510025
516700.SH,2022-12-02,0.807,0.83,0.794,0.813,238800,195904
516700.SH,2022-12-05,0.818,0.837,0.817,0.823,374600,307911
516700.SH,2022-12-06,0.843,0.843,0.809,0.817,219300,179700
516700.SH,2022-12-07,0.812,0.835,0.787,0.814,1008100,817948
516700.SH,2022-12-08,0.819,0.833,0.799,0.8,1688300,1354991
516700.SH,2022-12-09,0.794,0.803,0.793,0.8,91800,73266
516700.SH,2022-12-12,0.809,0.817,0.804,0.814,189100,153539
516700.SH,2022-12-13,0.819,0.819,0.791,0.792,433000,346140
516700.SH,2022-12-14,0.796,0.807,0.796,0.797,415400,333568
516700.SH,2022-12-15,0.799,0.812,0.799,0.804,247000,199534
516700.SH,2022-12-16,0.8,0.8,0.788,0.79,138600,109540
516700.SH,2022-12-19,0.793,0.793,0.776,0.779,73500,57754
516700.SH,2022-12-20,0.801,0.805,0.759,0.761,1557000,1203199
516700.SH,2022-12-21,0.76,0.768,0.752,0.756,1073200,819234
516700.SH,2022-12-22,0.758,0.771,0.756,0.76,156800,120026
516700.SH,2022-12-23,0.761,0.781,0.761,0.776,1740000,1349979
516700.SH,2022-12-26,0.786,0.786,0.775,0.779,398600,311759
516700.SH,2022-12-27,0.783,0.784,0.776,0.784,560300,436573
516700.SH,2022-12-28,0.776,0.78,0.774,0.775,929000,720424
516700.SH,2022-12-29,0.774,0.792,0.774,0.783,1046700,820478
516700.SH,2022-12-30,0.788,0.8,0.787,0.792,1150700,911407
516700.SH,2023-01-03,0.795,0.837,0.795,0.836,3786600,3104489
516700.SH,2023-01-04,0.836,0.848,0.835,0.847,2862100,2409967
516700.SH,2023-01-05,0.848,0.851,0.841,0.85,2244300,1901304
516700.SH,2023-01-06,0.85,0.85,0.841,0.844,974600,822143
516700.SH,2023-01-09,0.842,0.848,0.838,0.846,705800,595265
516700.SH,2023-01-10,0.84,0.847,0.838,0.84,2151100,1812072
516700.SH,2023-01-11,0.836,0.839,0.823,0.823,1873800,1550826
516700.SH,2023-01-12,0.823,0.836,0.819,0.83,3347500,2759935
516700.SH,2023-01-13,0.834,0.834,0.824,0.83,1363000,1126119
516700.SH,2023-01-16,0.828,0.858,0.828,0.852,3160100,2688287
516700.SH,2023-01-17,0.852,0.876,0.847,0.849,538500,459660
516700.SH,2023-01-18,0.855,0.87,0.849,0.868,2140700,1853983
516700.SH,2023-01-19,0.873,0.893,0.868,0.889,2543600,2248708
516700.SH,2023-01-20,0.896,0.906,0.889,0.894,3998600,3586392
516700.SH,2023-01-30,0.898,0.919,0.898,0.912,3047000,2780576
516700.SH,2023-01-31,0.912,0.912,0.896,0.901,2588900,2334069
516700.SH,2023-02-01,0.892,0.918,0.892,0.915,3504300,3185513
516700.SH,2023-02-02,0.915,0.93,0.91,0.912,2316500,2130463
516700.SH,2023-02-03,0.912,0.929,0.891,0.926,3646400,3350065
516700.SH,2023-02-06,0.928,0.947,0.917,0.939,5105700,4785702
516700.SH,2023-02-07,0.944,0.968,0.919,0.932,4551100,4245809
516700.SH,2023-02-08,0.936,0.937,0.921,0.924,2395400,2225244
516700.SH,2023-02-09,0.915,0.946,0.91,0.945,21223300,19416552
516700.SH,2023-02-10,0.944,0.954,0.925,0.932,20810900,19594252
516700.SH,2023-02-13,0.934,0.95,0.932,0.949,3568000,3358356
516700.SH,2023-02-14,0.944,0.955,0.94,0.945,3149100,2976101
516700.SH,2023-02-15,0.945,0.98,0.945,0.978,4257600,4135974
516700.SH,2023-02-16,0.977,0.997,0.955,0.963,3737900,3655858
516700.SH,2023-02-17,0.961,0.961,0.919,0.919,4994500,4668854
516700.SH,2023-02-20,0.919,0.957,0.919,0.956,5363000,5048089
516700.SH,2023-02-21,0.959,0.97,0.941,0.95,3851500,3689202
516700.SH,2023-02-22,0.939,0.961,0.929,0.957,3740700,3538611
516700.SH,2023-02-23,0.95,0.95,0.927,0.932,1641800,1541729
516700.SH,2023-02-24,0.936,0.953,0.934,0.945,1847600,1745214
516700.SH,2023-02-27,0.947,0.949,0.931,0.933,2138700,2009072
516700.SH,2023-02-28,0.95,0.97,0.942,0.959,3429100,3285302
516700.SH,2023-03-01,0.959,1.003,0.957,0.998,5216100,5139926
516700.SH,2023-03-02,0.999,1.011,0.993,1.004,3497900,3512783
516700.SH,2023-03-03,1.004,1.004,0.97,0.986,3778000,3713518
516700.SH,2023-03-06,0.986,0.998,0.976,0.985,2691000,2646404
516700.SH,2023-03-07,0.986,0.987,0.956,0.959,2549400,2474508
516700.SH,2023-03-08,0.95,0.976,0.95,0.975,3875300,3746794
516700.SH,2023-03-09,0.972,0.988,0.96,0.982,2069700,2017326
516700.SH,2023-03-10,0.982,0.989,0.972,0.976,2570600,2525477
516700.SH,2023-03-13,0.974,1.017,0.97,1.016,4992100,4990165
516700.SH,2023-03-14,1.016,1.016,0.989,1.003,2404300,2406113
516700.SH,2023-03-15,1.009,1.025,0.987,0.989,2083400,2081673
516700.SH,2023-03-16,0.989,0.995,0.973,0.98,1907300,1873433
516700.SH,2023-03-17,0.985,1.026,0.985,1.018,4938800,5006640
516700.SH,2023-03-20,1.018,1.024,0.992,0.994,2726000,2740880
516700.SH,2023-03-21,0.994,1.013,0.981,1.003,2524500,2524714
516700.SH,2023-03-22,1.0,1.025,0.991,1.025,1974500,1998771
516700.SH,2023-03-23,1.025,1.059,1.016,1.055,3023200,3150366
516700.SH,2023-03-24,1.055,1.086,1.046,1.084,4235100,4540325
516700.SH,2023-03-27,1.086,1.11,1.06,1.1,3386100,3687925
516700.SH,2023-03-28,1.1,1.105,1.073,1.086,4094000,4470955
516700.SH,2023-03-29,1.08,1.109,1.063,1.09,3210600,3473533
516700.SH,2023-03-30,1.089,1.089,1.056,1.065,3941200,4213398
516700.SH,2023-03-31,1.059,1.117,1.053,1.117,5477600,5916339
516700.SH,2023-04-03,1.116,1.179,1.114,1.175,3434300,3975223
516700.SH,2023-04-04,1.186,1.2,1.163,1.178,4245400,5006876
516700.SH,2023-04-06,1.17,1.174,1.143,1.159,3904200,4524501
516700.SH,2023-04-07,1.158,1.179,1.143,1.173,3116800,3623743
516700.SH,2023-04-10,1.2,1.205,1.095,1.103,5238900,5911713
516700.SH,2023-04-11,1.082,1.123,1.082,1.123,5318700,5921753
516700.SH,2023-04-12,1.123,1.163,1.118,1.151,6032800,6948504
516700.SH,2023-04-13,1.148,1.148,1.11,1.115,4108500,4655855
516700.SH,2023-04-14,1.115,1.131,1.09,1.118,3286100,3666157
516700.SH,2023-04-17,1.118,1.146,1.09,1.101,2112400,2320485
516700.SH,2023-04-18,1.1,1.124,1.083,1.115,2700900,3003851
516700.SH,2023-04-19,1.117,1.153,1.107,1.12,3689100,4171522
516700.SH,2023-04-20,1.12,1.159,1.12,1.159,3809700,4344988
516700.SH,2023-04-21,1.156,1.161,1.092,1.096,7044500,7832563
516700.SH,2023-04-24,1.094,1.107,1.081,1.091,2740500,3002867
516700.SH,2023-04-25,1.083,1.107,1.073,1.093,4286900,4668014
516700.SH,2023-04-26,1.093,1.093,1.033,1.042,3503300,3684025
516700.SH,2023-04-27,1.03,1.046,1.002,1.014,5383800,5505769
516700.SH,2023-04-28,1.013,1.06,1.01,1.056,2816100,2955372
516700.SH,2023-05-04,1.058,1.062,1.025,1.041,2270500,2359577
516700.SH,2023-05-05,1.035,1.044,1.014,1.028,1910600,1969548
516700.SH,2023-05-08,1.038,1.061,1.024,1.056,1844600,1941302
516700.SH,2023-05-09,1.056,1.07,1.04,1.042,1619200,1706059
516700.SH,2023-05-10,1.032,1.056,1.023,1.035,1564300,1619381
516700.SH,2023-05-11,1.034,1.039,1.008,1.012,1769500,1804992
516700.SH,2023-05-12,1.006,1.023,1.001,1.004,2330700,2349491
516700.SH,2023-05-15,1.005,1.005,0.974,1.005,2007600,1983891
516700.SH,2023-05-16,1.001,1.001,0.97,0.971,7145300,7072790
516700.SH,2023-05-17,0.97,0.986,0.961,0.978,6447900,6283141
516700.SH,2023-05-18,0.981,1.014,0.981,1.009,2708300,2719644
516700.SH,2023-05-19,1.009,1.013,0.995,1.001,1127300,1128034
516700.SH,2023-05-22,1.0,1.007,0.983,0.994,1511600,1500635
516700.SH,2023-05-23,0.988,0.992,0.977,0.979,1094600,1076380
516700.SH,2023-05-24,0.974,0.989,0.964,0.975,4575000,4454069
516700.SH,2023-05-25,0.973,0.991,0.956,0.977,2412800,2355465
516700.SH,2023-05-26,0.985,1.001,0.967,0.997,1961000,1949638
516700.SH,2023-05-29,1.001,1.008,0.99,0.995,977100,976684
516700.SH,2023-05-30,0.988,1.036,0.981,1.034,22862800,23295227
516700.SH,2023-05-31,1.039,1.054,1.034,1.053,12588900,13164937
516700.SH,2023-06-01,1.053,1.085,1.039,1.072,3389500,3619724
516700.SH,2023-06-02,1.073,1.108,1.065,1.069,4844900,5177797
516700.SH,2023-06-05,1.068,1.078,1.066,1.071,3988500,4270699
516700.SH,2023-06-06,1.071,1.077,1.037,1.045,3744600,3987527
516700.SH,2023-06-07,1.044,1.062,1.037,1.055,2166600,2282098
516700.SH,2023-06-08,1.045,1.05,1.028,1.047,2375900,2474533
516700.SH,2023-06-09,1.037,1.073,1.037,1.071,6921900,7338159
516700.SH,2023-06-12,1.071,1.085,1.07,1.071,2866900,3078973
516700.SH,2023-06-13,1.063,1.117,1.045,1.112,5990500,6584415
516700.SH,2023-06-14,1.112,1.129,1.101,1.124,2076900,2313685
516700.SH,2023-06-15,1.124,1.128,1.101,1.109,2110200,2348973
516700.SH,2023-06-16,1.108,1.146,1.099,1.145,3061900,3450629
516700.SH,2023-06-19,1.143,1.18,1.142,1.178,4710800,5475128
516700.SH,2023-06-20,1.177,1.21,1.159,1.208,4265600,5097364
516700.SH,2023-06-21,1.207,1.207,1.154,1.154,12601800,14745943
516700.SH,2023-06-26,1.142,1.149,1.076,1.081,18803400,20755273
516700.SH,2023-06-27,1.088,1.092,1.07,1.082,17492800,18895969
516700.SH,2023-06-28,1.082,1.082,1.021,1.043,6124800,6365792
516700.SH,2023-06-29,1.038,1.057,1.029,1.05,3585000,3724515
516700.SH,2023-06-30,1.04,1.058,1.032,1.05,6778900,7065569
516700.SH,2023-07-03,1.051,1.051,1.016,1.046,4340600,4481159
516700.SH,2023-07-04,1.056,1.058,1.039,1.052,1889800,1986757
516700.SH,2023-07-05,1.053,1.057,1.031,1.031,1511600,1573422
516700.SH,2023-07-06,1.031,1.054,1.031,1.035,4366500,4555653
516700.SH,2023-07-07,1.03,1.055,0.996,1.015,3220000,3251535
516700.SH,2023-07-10,1.013,1.04,1.006,1.01,1526600,1541758
516700.SH,2023-07-11,1.008,1.026,1.007,1.015,1572600,1596564
516700.SH,2023-07-12,1.009,1.015,0.979,0.983,2402000,2380447
516700.SH,2023-07-13,0.981,0.996,0.972,0.988,4029600,3965523
516700.SH,2023-07-14,0.989,1.028,0.989,1.018,5934100,6021389
516700.SH,2023-07-17,1.025,1.033,1.011,1.021,2789000,2850169
516700.SH,2023-07-18,1.021,1.022,1.002,1.003,1313000,1328552
516700.SH,2023-07-19,1.006,1.012,0.994,0.998,1053200,1052750
516700.SH,2023-07-20,1.006,1.006,0.967,0.969,2867100,2805317
516700.SH,2023-07-21,0.959,0.973,0.958,0.963,2726500,2632481
516700.SH,2023-07-24,0.958,0.988,0.958,0.974,2336200,2277076
516700.SH,2023-07-25,0.978,0.994,0.978,0.991,2380400,2353227
516700.SH,2023-07-26,0.993,0.993,0.97,0.973,2553300,2489999
516700.SH,2023-07-27,0.982,0.982,0.961,0.963,2165000,2093539
516700.SH,2023-07-28,0.968,0.981,0.957,0.977,3078500,2997836
516700.SH,2023-07-31,0.977,0.994,0.971,0.985,3235000,3190767
516700.SH,2023-08-01,0.984,0.999,0.972,0.988,2159500,2122933
516700.SH,2023-08-02,0.979,0.992,0.975,0.988,679000,668980
516700.SH,2023-08-03,0.992,0.992,0.98,0.989,1508700,1490395
516700.SH,2023-08-04,0.989,1.021,0.989,1.016,5786900,5852584
516700.SH,2023-08-07,1.026,1.026,1.002,1.015,3154700,3208262
516700.SH,2023-08-08,1.014,1.018,1.003,1.005,1991100,2006384
516700.SH,2023-08-09,1.004,1.015,0.987,0.988,2729700,2730773
516700.SH,2023-08-10,0.98,0.998,0.98,0.99,2583100,2549953
516700.SH,2023-08-11,0.998,0.998,0.964,0.966,1112500,1086469
516700.SH,2023-08-14,0.96,0.988,0.958,0.988,2662300,2602201
516700.SH,2023-08-15,0.996,0.996,0.961,0.971,1364600,1325336
516700.SH,2023-08-16,0.968,0.968,0.94,0.94,3901600,3690214
516700.SH,2023-08-17,0.949,0.959,0.928,0.946,1760600,1653081
516700.SH,2023-08-18,0.945,0.953,0.919,0.922,2373500,2210907
516700.SH,2023-08-21,0.921,0.94,0.917,0.918,2611200,2417304
516700.SH,2023-08-22,0.921,0.941,0.913,0.94,4027100,3751451
516700.SH,2023-08-23,0.941,0.96,0.905,0.906,2542400,2327841
516700.SH,2023-08-24,0.906,0.918,0.898,0.903,1443800,1312967
516700.SH,2023-08-25,0.902,0.902,0.856,0.861,4186200,3631398
516700.SH,2023-08-28,0.888,0.914,0.867,0.87,4267800,3804338
516700.SH,2023-08-29,0.87,0.906,0.866,0.9,15901100,14192469
516700.SH,2023-08-30,0.902,0.928,0.902,0.925,18434300,16893738
516700.SH,2023-08-31,0.925,0.928,0.912,0.918,15480600,14260740
516700.SH,2023-09-01,0.91,0.922,0.9,0.911,1458700,1329226
516700.SH,2023-09-04,0.913,0.923,0.907,0.923,3643600,3322032
516700.SH,2023-09-05,0.923,0.925,0.906,0.909,1524800,1395084
516700.SH,2023-09-06,0.9,0.919,0.895,0.908,882800,796562
516700.SH,2023-09-07,0.918,0.918,0.892,0.894,2921700,2622823
516700.SH,2023-09-08,0.903,0.907,0.879,0.887,701200,622548
516700.SH,2023-09-11,0.883,0.915,0.883,0.904,3365600,3022226
516700.SH,2023-09-12,0.895,0.907,0.887,0.901,1165000,1048512
516700.SH,2023-09-13,0.898,0.898,0.869,0.877,2369000,2075161
516700.SH,2023-09-14,0.877,0.885,0.862,0.869,3634100,3159289
516700.SH,2023-09-15,0.871,0.871,0.856,0.857,3803900,3276111
516700.SH,2023-09-18,0.856,0.866,0.853,0.857,2240800,1926825
516700.SH,2023-09-19,0.854,0.854,0.838,0.842,3448400,2900359
516700.SH,2023-09-20,0.848,0.849,0.836,0.836,1104500,935003
516700.SH,2023-09-21,0.832,0.844,0.831,0.833,16286700,13624376
516700.SH,2023-09-22,0.83,0.86,0.83,0.859,19526600,16436212
516700.SH,2023-09-25,0.859,0.859,0.842,0.846,9616200,8154533
516700.SH,2023-09-26,0.84,0.869,0.834,0.855,6949800,5950930
516700.SH,2023-09-27,0.855,0.858,0.851,0.854,6455300,5522102
516700.SH,2023-09-28,0.854,0.859,0.852,0.857,4984500,4263150
516700.SH,2023-10-09,0.859,0.863,0.85,0.861,2957100,2538447
516700.SH,2023-10-10,0.864,0.871,0.861,0.864,4162300,3606907
516700.SH,2023-10-11,0.864,0.886,0.858,0.878,3005700,2641104
516700.SH,2023-10-12,0.874,0.885,0.865,0.871,2333700,2031073
516700.SH,2023-10-13,0.862,0.862,0.85,0.853,1323300,1134561
516700.SH,2023-10-16,0.85,0.852,0.838,0.843,2278500,1924576
516700.SH,2023-10-17,0.843,0.845,0.831,0.84,2094400,1752971
516700.SH,2023-10-18,0.831,0.832,0.807,0.823,3250500,2668163
516700.SH,2023-10-19,0.82,0.837,0.816,0.817,2514700,2069966
516700.SH,2023-10-20,0.817,0.817,0.79,0.79,3641300,2911545
516700.SH,2023-10-23,0.79,0.79,0.766,0.771,2273800,1770962
516700.SH,2023-10-24,0.771,0.786,0.764,0.771,18518400,14338224
516700.SH,2023-10-25,0.785,0.8,0.774,0.782,4852300,3810720
516700.SH,2023-10-26,0.783,0.784,0.772,0.784,16800900,13071667
516700.SH,2023-10-27,0.779,0.792,0.771,0.79,5493500,4282792
516700.SH,2023-10-30,0.786,0.804,0.765,0.803,5956700,4740106
516700.SH,2023-10-31,0.803,0.803,0.787,0.794,2896000,2294509
516700.SH,2023-11-01,0.788,0.802,0.788,0.789,3345100,2656366
516700.SH,2023-11-02,0.788,0.794,0.779,0.779,2208900,1729317
516700.SH,2023-11-03,0.779,0.799,0.779,0.796,3233400,2560249
516700.SH,2023-11-06,0.801,0.82,0.801,0.82,3968400,3236197
516700.SH,2023-11-07,0.815,0.833,0.815,0.831,4760200,3917901
516700.SH,2023-11-08,0.832,0.849,0.831,0.84,3529000,2957010
516700.SH,2023-11-09,0.84,0.848,0.831,0.844,5394500,4522006
516700.SH,2023-11-10,0.835,0.837,0.828,0.831,2990200,2483871
516700.SH,2023-11-13,0.831,0.856,0.831,0.85,2884600,2449232
516700.SH,2023-11-14,0.85,0.863,0.85,0.861,2642400,2267568
516700.SH,2023-11-15,0.869,0.873,0.858,0.861,3262400,2820504
516700.SH,2023-11-16,0.861,0.867,0.853,0.853,1799700,1541878
516700.SH,2023-11-17,0.853,0.862,0.848,0.855,1757900,1501791
516700.SH,2023-11-20,0.855,0.875,0.854,0.868,5240300,4538567
516700.SH,2023-11-21,0.867,0.869,0.852,0.854,4779200,4113926
516700.SH,2023-11-22,0.852,0.86,0.844,0.844,2495600,2129485
516700.SH,2023-11-23,0.842,0.851,0.831,0.851,3327900,2813912
516700.SH,2023-11-24,0.85,0.851,0.826,0.827,1995000,1660270
516700.SH,2023-11-27,0.819,0.834,0.812,0.827,1835200,1517658
516700.SH,2023-11-28,0.827,0.83,0.819,0.826,1540900,1270442
516700.SH,2023-11-29,0.818,0.826,0.816,0.819,1853800,1521792
516700.SH,2023-11-30,0.817,0.82,0.805,0.812,3139000,2549633
516700.SH,2023-12-01,0.812,0.84,0.809,0.836,2562300,2110542
516700.SH,2023-12-04,0.83,0.853,0.83,0.842,3316100,2808420
516700.SH,2023-12-05,0.849,0.849,0.81,0.811,2688800,2210021
516700.SH,2023-12-06,0.81,0.822,0.8,0.812,2546000,2068779
516700.SH,2023-12-07,0.813,0.83,0.811,0.828,3406500,2801612
516700.SH,2023-12-08,0.827,0.854,0.827,0.846,3518800,2976566
516700.SH,2023-12-11,0.846,0.859,0.836,0.856,4378200,3696306
516700.SH,2023-12-12,0.856,0.863,0.851,0.857,2303100,1969973
516700.SH,2023-12-13,0.856,0.861,0.843,0.845,1048100,892513
516700.SH,2023-12-14,0.85,0.864,0.837,0.839,4009300,3391108
516700.SH,2023-12-15,0.836,0.839,0.825,0.827,2213400,1847406
516700.SH,2023-12-18,0.823,0.835,0.811,0.813,2280000,1870205
516700.SH,2023-12-19,0.812,0.824,0.81,0.82,3495300,2857948
516700.SH,2023-12-20,0.82,0.82,0.791,0.792,2828400,2261521
516700.SH,2023-12-21,0.804,0.808,0.787,0.801,2415300,1924675
516700.SH,2023-12-22,0.801,0.802,0.779,0.78,3267100,2564228
516700.SH,2023-12-25,0.78,0.788,0.775,0.78,804100,627904
516700.SH,2023-12-26,0.783,0.784,0.757,0.762,2826400,2155137
516700.SH,2023-12-27,0.765,0.773,0.764,0.766,2358600,1811588
516700.SH,2023-12-28,0.76,0.791,0.759,0.788,3996900,3116553
516700.SH,2023-12-29,0.778,0.8,0.778,0.797,2933600,2328564
516700.SH,2024-01-02,0.796,0.797,0.781,0.783,2982600,2350819
516700.SH,2024-01-03,0.78,0.783,0.762,0.769,4039100,3098147
516700.SH,2024-01-04,0.764,0.764,0.754,0.759,3612200,2740563
516700.SH,2024-01-05,0.759,0.759,0.737,0.742,1857800,1393962
516700.SH,2024-01-08,0.734,0.736,0.721,0.721,2306900,1676117
516700.SH,2024-01-09,0.721,0.727,0.71,0.715,2626500,1888993
516700.SH,2024-01-10,0.704,0.716,0.699,0.705,2832300,2003405
516700.SH,2024-01-11,0.704,0.726,0.704,0.723,4266600,3066093
516700.SH,2024-01-12,0.725,0.725,0.708,0.709,4456400,3171145
516700.SH,2024-01-15,0.703,0.71,0.7,0.702,2869400,2020417
516700.SH,2024-01-16,0.7,0.701,0.687,0.698,4575500,3172605
516700.SH,2024-01-17,0.692,0.7,0.684,0.684,3412200,2371250
516700.SH,2024-01-18,0.677,0.696,0.67,0.694,2197400,1498229
516700.SH,2024-01-19,0.687,0.695,0.684,0.685,4065000,2801018
516700.SH,2024-01-22,0.686,0.686,0.65,0.653,3428600,2294936
516700.SH,2024-01-23,0.653,0.678,0.646,0.675,2527800,1676990
516700.SH,2024-01-24,0.685,0.686,0.657,0.682,1441700,969211
516700.SH,2024-01-25,0.676,0.703,0.672,0.703,2626200,1826529
516700.SH,2024-01-26,0.703,0.708,0.693,0.694,2158300,1513222
516700.SH,2024-01-29,0.696,0.696,0.67,0.67,1397500,950831
516700.SH,2024-01-30,0.67,0.681,0.656,0.658,718400,481091
516700.SH,2024-01-31,0.655,0.659,0.623,0.625,3834800,2438861
516700.SH,2024-02-01,0.62,0.647,0.616,0.63,3540700,2230742
516700.SH,2024-02-02,0.644,0.644,0.587,0.607,6327300,3932012
516700.SH,2024-02-05,0.601,0.604,0.558,0.579,4972900,2917021
516700.SH,2024-02-06,0.579,0.621,0.572,0.619,4135900,2487928
516700.SH,2024-02-07,0.625,0.646,0.611,0.637,5099400,3245013
516700.SH,2024-02-08,0.643,0.669,0.638,0.662,3803500,2500087
516700.SH,2024-02-19,0.669,0.728,0.669,0.692,3375000,2313158
516700.SH,2024-02-20,0.693,0.708,0.678,0.685,33349500,23001470
516700.SH,2024-02-21,0.684,0.702,0.673,0.687,33035800,22818955
516700.SH,2024-02-22,0.701,0.719,0.698,0.711,5544400,3925325
516700.SH,2024-02-23,0.715,0.72,0.706,0.72,3944100,2809409
516700.SH,2024-02-26,0.717,0.735,0.706,0.726,4134400,3005525
516700.SH,2024-02-27,0.719,0.771,0.717,0.771,6182000,4653696
516700.SH,2024-02-28,0.771,0.792,0.732,0.733,7315400,5654866
516700.SH,2024-02-29,0.715,0.766,0.714,0.765,5230100,3950000
516700.SH,2024-03-01,0.766,0.805,0.766,0.805,5845700,4589214
516700.SH,2024-03-04,0.819,0.822,0.79,0.803,8527400,6855314
516700.SH,2024-03-05,0.79,0.807,0.78,0.788,5829000,4621651
516700.SH,2024-03-06,0.788,0.802,0.771,0.785,3728700,2915879
516700.SH,2024-03-07,0.783,0.792,0.763,0.763,4791900,3709853
516700.SH,2024-03-08,0.763,0.779,0.757,0.775,5358500,4118531
516700.SH,2024-03-11,0.766,0.787,0.765,0.787,4353400,3377322
516700.SH,2024-03-12,0.78,0.794,0.776,0.783,3680300,2888432
516700.SH,2024-03-13,0.786,0.801,0.784,0.789,2950100,2336719
516700.SH,2024-03-14,0.789,0.789,0.767,0.778,3958400,3079582
516700.SH,2024-03-15,0.777,0.782,0.763,0.781,2855400,2193426
516700.SH,2024-03-18,0.782,0.796,0.779,0.796,4530600,3570997
516700.SH,2024-03-19,0.79,0.797,0.787,0.788,3575600,2831875
516700.SH,2024-03-20,0.792,0.805,0.792,0.804,2770800,2214872
516700.SH,2024-03-21,0.804,0.818,0.801,0.803,4388500,3543759
516700.SH,2024-03-22,0.802,0.812,0.787,0.805,4882500,3898355
516700.SH,2024-03-25,0.798,0.809,0.778,0.779,3610900,2867997
516700.SH,2024-03-26,0.778,0.785,0.752,0.756,4018400,3075555
516700.SH,2024-03-27,0.76,0.76,0.721,0.722,4279000,3137987
516700.SH,2024-03-28,0.727,0.768,0.724,0.759,5866500,4426057
516700.SH,2024-03-29,0.762,0.767,0.736,0.751,4950900,3686190
516700.SH,2024-04-01,0.751,0.764,0.751,0.763,4820600,3661883
516700.SH,2024-04-02,0.764,0.764,0.738,0.744,3661800,2734182
516700.SH,2024-04-03,0.739,0.739,0.718,0.723,3694100,2681684
516700.SH,2024-04-08,0.722,0.722,0.709,0.71,2968600,2122996
516700.SH,2024-04-09,0.71,0.714,0.703,0.712,1909300,1353059
516700.SH,2024-04-10,0.708,0.708,0.687,0.694,2971100,2067242
516700.SH,2024-04-11,0.688,0.709,0.687,0.7,3417200,2408098
516700.SH,2024-04-12,0.705,0.708,0.691,0.692,1375100,961285
516700.SH,2024-04-15,0.692,0.702,0.683,0.692,2236100,1543550
516700.SH,2024-04-16,0.687,0.712,0.67,0.67,3258300,2225082
516700.SH,2024-04-17,0.673,0.701,0.673,0.701,2560100,1774838
516700.SH,2024-04-18,0.692,0.707,0.687,0.694,3378800,2362422
516700.SH,2024-04-19,0.69,0.691,0.674,0.677,2660700,1808538
516700.SH,2024-04-22,0.671,0.677,0.655,0.672,1988000,1330941
516700.SH,2024-04-23,0.673,0.673,0.664,0.665,625200,416927
516700.SH,2024-04-24,0.665,0.692,0.665,0.69,1808700,1232610
516700.SH,2024-04-25,0.685,0.689,0.664,0.683,1101200,752722
516700.SH,2024-04-26,0.687,0.711,0.687,0.706,1943100,1366134
516700.SH,2024-04-29,0.728,0.73,0.707,0.727,2940400,2132264
516700.SH,2024-04-30,0.745,0.745,0.714,0.721,3039200,2203384
516700.SH,2024-05-06,0.735,0.741,0.722,0.725,2081400,1515618
516700.SH,2024-05-07,0.718,0.732,0.718,0.721,7859100,5694715
516700.SH,2024-05-08,0.717,0.717,0.699,0.699,4075300,2869476
516700.SH,2024-05-09,0.706,0.712,0.703,0.708,2656300,1875748
516700.SH,2024-05-10,0.711,0.711,0.694,0.697,3417800,2383961
516700.SH,2024-05-13,0.697,0.7,0.683,0.685,2070600,1420976
516700.SH,2024-05-14,0.685,0.696,0.684,0.693,2782500,1924778
516700.SH,2024-05-15,0.687,0.693,0.684,0.685,1697100,1166586
516700.SH,2024-05-16,0.69,0.704,0.687,0.693,2947100,2042494
516700.SH,2024-05-17,0.694,0.701,0.687,0.701,1533790,1067429
516700.SH,2024-05-20,0.701,0.714,0.698,0.71,4382500,3105438
516700.SH,2024-05-21,0.71,0.711,0.701,0.702,3106200,2188230
516700.SH,2024-05-22,0.697,0.708,0.697,0.707,3402700,2392401
516700.SH,2024-05-23,0.708,0.708,0.688,0.689,4446200,3088775
516700.SH,2024-05-24,0.699,0.699,0.672,0.672,3903000,2659549
516700.SH,2024-05-27,0.673,0.679,0.665,0.678,3163600,2117035
516700.SH,2024-05-28,0.678,0.678,0.664,0.665,2545700,1706273
516700.SH,2024-05-29,0.672,0.672,0.66,0.664,2617600,1736443
516700.SH,2024-05-30,0.67,0.67,0.655,0.663,2531600,1673799
516700.SH,2024-05-31,0.665,0.675,0.665,0.672,2844800,1910495
516700.SH,2024-06-03,0.672,0.679,0.663,0.668,3810200,2544941
516700.SH,2024-06-04,0.668,0.671,0.661,0.67,2861200,1903013
516700.SH,2024-06-05,0.673,0.676,0.668,0.668,4250100,2856621
516700.SH,2024-06-06,0.673,0.673,0.653,0.656,4511200,2980019
516700.SH,2024-06-07,0.655,0.66,0.647,0.653,1954300,1272184
516700.SH,2024-06-11,0.651,0.666,0.644,0.665,2834300,1870874
516700.SH,2024-06-12,0.665,0.672,0.665,0.669,2844500,1903277
516700.SH,2024-06-13,0.669,0.673,0.664,0.672,2492200,1669972
516700.SH,2024-06-14,0.666,0.679,0.665,0.675,1518100,1022780
516700.SH,2024-06-17,0.676,0.676,0.668,0.671,2761700,1850951
516700.SH,2024-06-18,0.671,0.688,0.671,0.684,3183600,2174617
516700.SH,2024-06-19,0.686,0.689,0.679,0.679,3368400,2298837
516700.SH,2024-06-20,0.676,0.676,0.659,0.663,4153900,2760738
516700.SH,2024-06-21,0.662,0.664,0.653,0.663,4109500,2716747
516700.SH,2024-06-24,0.662,0.662,0.636,0.637,1627400,1054438
516700.SH,2024-06-25,0.635,0.641,0.618,0.624,3049200,1910659
516700.SH,2024-06-26,0.627,0.66,0.622,0.658,6193900,3951466
516700.SH,2024-06-27,0.661,0.661,0.643,0.643,4938700,3208510
516700.SH,2024-06-28,0.642,0.656,0.64,0.643,4654500,3021433
516700.SH,2024-07-01,0.639,0.647,0.633,0.645,3388400,2159538
516700.SH,2024-07-02,0.645,0.656,0.642,0.646,3539500,2301705
516700.SH,2024-07-03,0.643,0.643,0.632,0.632,1719900,1091246
516700.SH,2024-07-04,0.635,0.636,0.618,0.619,1079200,674334
516700.SH,2024-07-05,0.625,0.639,0.616,0.624,1017600,632805
516700.SH,2024-07-08,0.616,0.616,0.6,0.603,3526900,2138730
516700.SH,2024-07-09,0.605,0.619,0.597,0.617,2199500,1339919
516700.SH,2024-07-10,0.616,0.625,0.613,0.618,1694500,1050603
516700.SH,2024-07-11,0.623,0.631,0.621,0.63,1139800,713943
516700.SH,2024-07-12,0.629,0.629,0.62,0.62,4857600,3019525
516700.SH,2024-07-15,0.622,0.622,0.609,0.61,2594300,1588535
516700.SH,2024-07-16,0.609,0.631,0.609,0.628,2951400,1831051
516700.SH,2024-07-17,0.632,0.636,0.623,0.623,1272100,802406
516700.SH,2024-07-18,0.616,0.623,0.605,0.619,2080000,1274634
516700.SH,2024-07-19,0.619,0.637,0.619,0.634,4119000,2603393
516700.SH,2024-07-22,0.636,0.645,0.635,0.64,3504000,2244653
516700.SH,2024-07-23,0.638,0.639,0.622,0.622,1845400,1162235
516700.SH,2024-07-24,0.625,0.627,0.614,0.616,1763500,1094520
516700.SH,2024-07-25,0.617,0.622,0.608,0.616,2477000,1521610
516700.SH,2024-07-26,0.619,0.621,0.612,0.62,671500,414669
516700.SH,2024-07-29,0.62,0.621,0.616,0.617,345500,213557
516700.SH,2024-07-30,0.613,0.621,0.609,0.619,1163600,714729
516700.SH,2024-07-31,0.623,0.642,0.623,0.642,2790200,1771017
516700.SH,2024-08-01,0.645,0.646,0.634,0.637,2141600,1370219
516700.SH,2024-08-02,0.63,0.638,0.623,0.624,1228000,774372
516700.SH,2024-08-05,0.619,0.629,0.603,0.603,2241900,1375642
516700.SH,2024-08-06,0.609,0.623,0.602,0.609,1251500,759889
516700.SH,2024-08-07,0.611,0.612,0.603,0.604,1590400,964610
516700.SH,2024-08-08,0.601,0.605,0.591,0.6,1855500,1110539
516700.SH,2024-08-09,0.604,0.604,0.595,0.596,661600,396131
516700.SH,2024-08-12,0.591,0.593,0.585,0.588,1195100,703943
516700.SH,2024-08-13,0.589,0.592,0.583,0.592,909000,534815
516700.SH,2024-08-14,0.592,0.593,0.588,0.588,580600,342777
516700.SH,2024-08-15,0.583,0.6,0.583,0.594,2260400,1344651
516700.SH,2024-08-16,0.592,0.594,0.59,0.59,1676500,993650
516700.SH,2024-08-19,0.594,0.599,0.593,0.595,421900,250966
516700.SH,2024-08-20,0.589,0.591,0.579,0.58,3496400,2038249
516700.SH,2024-08-21,0.579,0.584,0.575,0.575,2108000,1223887
516700.SH,2024-08-22,0.575,0.582,0.562,0.562,1217600,695660
516700.SH,2024-08-23,0.564,0.573,0.564,0.57,1233900,701353
516700.SH,2024-08-26,0.572,0.574,0.567,0.57,526800,300813
516700.SH,2024-08-27,0.57,0.57,0.56,0.562,567500,318926
516700.SH,2024-08-28,0.558,0.566,0.557,0.566,451200,252652
516700.SH,2024-08-29,0.566,0.576,0.562,0.573,1178300,671746
516700.SH,2024-08-30,0.576,0.595,0.576,0.588,1443200,849681
516700.SH,2024-09-02,0.583,0.585,0.569,0.57,456300,263207
516700.SH,2024-09-03,0.572,0.58,0.571,0.58,457800,263679
516700.SH,2024-09-04,0.578,0.582,0.576,0.576,310400,179074
516700.SH,2024-09-05,0.583,0.588,0.58,0.584,747600,435954
516700.SH,2024-09-06,0.584,0.584,0.571,0.571,1152200,662735
516700.SH,2024-09-09,0.565,0.573,0.563,0.566,983600,557009
516700.SH,2024-09-10,0.565,0.583,0.56,0.58,1612100,922331
516700.SH,2024-09-11,0.58,0.581,0.578,0.58,473400,274526
516700.SH,2024-09-12,0.589,0.589,0.58,0.58,750900,437052
516700.SH,2024-09-13,0.579,0.58,0.572,0.574,374000,214993
516700.SH,2024-09-18,0.573,0.573,0.563,0.572,772900,438562
516700.SH,2024-09-19,0.574,0.586,0.569,0.583,1806800,1051569
516700.SH,2024-09-20,0.585,0.592,0.584,0.59,1110600,654800
516700.SH,2024-09-23,0.59,0.598,0.59,0.594,27124600,16132185
516700.SH,2024-09-24,0.592,0.612,0.586,0.612,29827800,17548509
516700.SH,2024-09-25,0.612,0.631,0.612,0.617,3879700,2407435
516700.SH,2024-09-26,0.629,0.636,0.611,0.636,3499100,2190044
516700.SH,2024-09-27,0.651,0.7,0.649,0.7,4179100,2765827
516700.SH,2024-09-30,0.756,0.77,0.72,0.77,12260300,9181391
516700.SH,2024-10-08,0.847,0.847,0.817,0.847,12909500,10897700
516700.SH,2024-10-09,0.861,0.89,0.8,0.825,15725500,13404747
516700.SH,2024-10-10,0.87,0.87,0.78,0.787,9922800,8076438
516700.SH,2024-10-11,0.784,0.784,0.737,0.747,7481200,5642019
516700.SH,2024-10-14,0.745,0.777,0.73,0.777,4923600,3726889
516700.SH,2024-10-15,0.771,0.803,0.765,0.767,6776700,5302866
516700.SH,2024-10-16,0.744,0.775,0.743,0.76,3142800,2395512
516700.SH,2024-10-17,0.77,0.791,0.768,0.775,6345500,4958122
516700.SH,2024-10-18,0.768,0.836,0.763,0.814,9749700,7898194
516700.SH,2024-10-21,0.823,0.85,0.812,0.833,9036700,7511149
516700.SH,2024-10-22,0.834,0.834,0.813,0.82,3568000,2934095
516700.SH,2024-10-23,0.82,0.836,0.811,0.818,4594100,3798607
516700.SH,2024-10-24,0.807,0.817,0.798,0.805,2574000,2072940
516700.SH,2024-10-25,0.807,0.823,0.805,0.816,3154600,2564044
516700.SH,2024-10-28,0.816,0.827,0.811,0.824,2199400,1802100
516700.SH,2024-10-29,0.823,0.849,0.816,0.835,7663700,6432454
516700.SH,2024-10-30,0.835,0.843,0.826,0.838,3515100,2931791
516700.SH,2024-10-31,0.84,0.865,0.828,0.856,8235100,7036823
516700.SH,2024-11-01,0.859,0.862,0.816,0.818,7963500,6674729
516700.SH,2024-11-04,0.811,0.837,0.807,0.837,3009100,2489874
516700.SH,2024-11-05,0.837,0.89,0.827,0.885,12144700,10637372
516700.SH,2024-11-06,0.887,0.918,0.88,0.897,5902900,5290773
516700.SH,2024-11-07,0.896,0.925,0.878,0.924,4357900,3924973
516700.SH,2024-11-08,0.924,0.98,0.924,0.955,14803600,14251767
516700.SH,2024-11-11,0.955,1.048,0.95,1.032,16224600,16161745
516700.SH,2024-11-12,1.051,1.065,0.975,0.991,32015200,32113431
516700.SH,2024-11-13,0.99,1.005,0.98,0.999,13136000,13080494
516700.SH,2024-11-14,0.991,0.995,0.946,0.949,13745200,13282444
516700.SH,2024-11-15,0.952,0.964,0.92,0.922,11585000,10939731
516700.SH,2024-11-18,0.921,0.921,0.865,0.871,12782000,11273817
516700.SH,2024-11-19,0.871,0.903,0.854,0.9,9269500,8120139
516700.SH,2024-11-20,0.898,0.93,0.893,0.917,8795300,8010115
516700.SH,2024-11-21,0.908,0.93,0.904,0.92,5106500,4693105
516700.SH,2024-11-22,0.92,0.937,0.886,0.888,11365600,10395300
516700.SH,2024-11-25,0.89,0.898,0.856,0.883,7345700,6393438
516700.SH,2024-11-26,0.883,0.89,0.863,0.863,4244500,3719282
516700.SH,2024-11-27,0.863,0.893,0.846,0.893,9825000,8509042
516700.SH,2024-11-28,0.896,0.914,0.888,0.89,5855400,5274120
516700.SH,2024-11-29,0.888,0.925,0.885,0.917,7749500,7012537
516700.SH,2024-12-02,0.917,0.931,0.913,0.927,7263900,6713425
516700.SH,2024-12-03,0.932,0.932,0.899,0.911,4024600,3683937
516700.SH,2024-12-04,0.908,0.917,0.896,0.899,3185000,2879246
516700.SH,2024-12-05,0.901,0.915,0.901,0.909,4415100,4012334
516700.SH,2024-12-06,0.911,0.928,0.903,0.919,5752000,5276162
516700.SH,2024-12-09,0.92,0.927,0.9,0.909,3783100,3455096
516700.SH,2024-12-10,0.94,0.946,0.917,0.919,7392100,6862078
516700.SH,2024-12-11,0.92,0.923,0.911,0.92,2635400,2419533
516700.SH,2024-12-12,0.918,0.925,0.905,0.924,5359900,4909944
516700.SH,2024-12-13,0.918,0.922,0.903,0.903,4421400,4032077
516700.SH,2024-12-16,0.907,0.909,0.887,0.893,6050200,5426272
516700.SH,2024-12-17,0.891,0.897,0.876,0.877,3021600,2675797
516700.SH,2024-12-18,0.877,0.9,0.871,0.895,2753800,2437334
516700.SH,2024-12-19,0.892,0.933,0.883,0.93,6636300,6097396
516700.SH,2024-12-20,0.923,0.943,0.919,0.931,6044500,5640259
516700.SH,2024-12-23,0.932,0.939,0.903,0.908,5112100,4710190
516700.SH,2024-12-24,0.906,0.917,0.895,0.912,3448600,3122549
516700.SH,2024-12-25,0.911,0.915,0.898,0.904,3239900,2933088
516700.SH,2024-12-26,0.903,0.929,0.903,0.922,6963000,6419081
516700.SH,2024-12-27,0.919,0.934,0.906,0.909,6605910,6088919
516700.SH,2024-12-30,0.913,0.922,0.902,0.912,5935600,5424577
516700.SH,2024-12-31,0.913,0.919,0.882,0.883,8612900,7720216
516700.SH,2025-01-02,0.876,0.888,0.829,0.84,10003200,8581885
516700.SH,2025-01-03,0.839,0.842,0.796,0.797,7455000,6088299
516700.SH,2025-01-06,0.795,0.809,0.784,0.79,5244300,4169708
516700.SH,2025-01-07,0.793,0.814,0.79,0.814,4451000,3580564
516700.SH,2025-01-08,0.808,0.813,0.777,0.804,7902000,6273390
516700.SH,2025-01-09,0.799,0.82,0.79,0.812,4420400,3596895
516700.SH,2025-01-10,0.807,0.815,0.786,0.788,3480800,2783809
516700.SH,2025-01-13,0.786,0.796,0.772,0.79,2480100,1945433
516700.SH,2025-01-14,0.796,0.835,0.791,0.835,7805500,6421010
516700.SH,2025-01-15,0.835,0.84,0.826,0.829,5420300,4512934
516700.SH,2025-01-16,0.829,0.856,0.825,0.833,3929600,3297840
516700.SH,2025-01-17,0.829,0.841,0.823,0.833,3796300,3160347
516700.SH,2025-01-20,0.835,0.845,0.832,0.835,2579200,2162190
516700.SH,2025-01-21,0.842,0.846,0.832,0.843,2968200,2494038
516700.SH,2025-01-22,0.842,0.851,0.839,0.846,3776000,3189846
516700.SH,2025-01-23,0.852,0.872,0.839,0.839,7223400,6185447
516700.SH,2025-01-24,0.835,0.87,0.826,0.869,6287000,5404232
516700.SH,2025-01-27,0.888,0.9,0.853,0.854,4234500,3675613
516700.SH,2025-02-05,0.877,0.92,0.877,0.918,16575300,15018810
516700.SH,2025-02-06,0.911,0.948,0.9,0.944,11700900,10882553
516700.SH,2025-02-07,0.943,0.995,0.94,0.972,16224200,15729674
516700.SH,2025-02-10,0.984,1.009,0.984,1.009,13769300,13781775
516700.SH,2025-02-11,1.009,1.017,0.988,0.995,11108200,11097178
516700.SH,2025-02-12,0.993,1.03,0.99,1.024,12301700,12539187
516700.SH,2025-02-13,1.028,1.029,1.0,1.009,12792800,12977241
516700.SH,2025-02-14,1.009,1.069,1.007,1.067,19202100,20021541
516700.SH,2025-02-17,1.1,1.108,1.069,1.081,21874100,23828113
516700.SH,2025-02-18,1.06,1.079,1.029,1.033,25549900,26820405
516700.SH,2025-02-19,1.033,1.064,1.029,1.06,12768800,13409547
516700.SH,2025-02-20,1.056,1.067,1.042,1.059,10175100,10743893
516700.SH,2025-02-21,1.085,1.145,1.066,1.14,32411600,35842270
516700.SH,2025-02-24,1.144,1.165,1.128,1.145,31608200,36257987
516700.SH,2025-02-25,1.095,1.149,1.093,1.124,22205500,24901221
516700.SH,2025-02-26,1.129,1.13,1.102,1.126,22757700,25411226
516700.SH,2025-02-27,1.125,1.127,1.076,1.094,25695000,28181813
516700.SH,2025-02-28,1.08,1.088,1.023,1.026,20677900,21741591
516700.SH,2025-03-03,1.024,1.044,1.008,1.026,13735500,14133343
516700.SH,2025-03-04,1.009,1.041,1.007,1.039,8946300,9230151
516700.SH,2025-03-05,1.042,1.059,1.028,1.059,14587300,15247655
516700.SH,2025-03-06,1.07,1.112,1.068,1.108,27293200,29917811
516700.SH,2025-03-07,1.106,1.112,1.08,1.09,18864200,20685150
516700.SH,2025-03-10,1.081,1.083,1.056,1.068,11961800,12786050
516700.SH,2025-03-11,1.032,1.074,1.032,1.072,9543900,10109477
516700.SH,2025-03-12,1.08,1.101,1.076,1.079,13675500,14891092
516700.SH,2025-03-13,1.068,1.078,1.037,1.05,10238100,10772496
516700.SH,2025-03-14,1.042,1.07,1.035,1.066,11445000,12050162
516700.SH,2025-03-17,1.068,1.07,1.056,1.06,5838600,6200325
516700.SH,2025-03-18,1.066,1.08,1.059,1.064,6522500,6968961
516700.SH,2025-03-19,1.058,1.06,1.042,1.046,7893100,8282054
516700.SH,2025-03-20,1.041,1.05,1.028,1.034,6218400,6447213
516700.SH,2025-03-21,1.029,1.029,0.997,0.998,9036100,9114919
516700.SH,2025-03-24,0.999,1.007,0.964,0.987,11450800,11257223
516700.SH,2025-03-25,0.987,0.991,0.957,0.96,7168900,6942376
516700.SH,2025-03-26,0.96,0.97,0.959,0.961,3817700,3681587
516700.SH,2025-03-27,0.964,0.971,0.952,0.959,5534500,5323469
516700.SH,2025-03-28,0.959,0.97,0.956,0.958,5403400,5198505
516700.SH,2025-03-31,0.95,0.961,0.93,0.96,7536100,7123551
516700.SH,2025-04-01,0.963,0.964,0.948,0.951,6103000,5827001
516700.SH,2025-04-02,0.951,0.961,0.951,0.953,5128500,4901997
516700.SH,2025-04-03,0.947,0.961,0.941,0.948,5583600,5307459
516700.SH,2025-04-07,0.91,0.91,0.853,0.853,11231200,9731270
516700.SH,2025-04-08,0.855,0.861,0.813,0.84,11310200,9422607
516700.SH,2025-04-09,0.83,0.879,0.802,0.872,18308100,15662513
516700.SH,2025-04-10,0.884,0.91,0.884,0.887,11021800,9889373
516700.SH,2025-04-11,0.882,0.906,0.881,0.897,7484600,6675123
516700.SH,2025-04-14,0.904,0.912,0.898,0.902,4245200,3843687
516700.SH,2025-04-15,0.895,0.9,0.884,0.893,5973300,5317169
516700.SH,2025-04-16,0.89,0.89,0.868,0.877,3353000,2940060
516700.SH,2025-04-17,0.878,0.893,0.876,0.882,6556500,5811533
516700.SH,2025-04-18,0.881,0.887,0.873,0.879,6470300,5676056
516700.SH,2025-04-21,0.882,0.901,0.871,0.901,7399900,6602602
516700.SH,2025-04-22,0.901,0.901,0.886,0.888,5758100,5126850
516700.SH,2025-04-23,0.89,0.904,0.889,0.894,7412600,6644287
516700.SH,2025-04-24,0.894,0.896,0.868,0.87,7366100,6456779
516700.SH,2025-04-25,0.872,0.888,0.87,0.882,6059000,5341737
516700.SH,2025-04-28,0.883,0.889,0.875,0.877,5511500,4861130
516700.SH,2025-04-29,0.869,0.884,0.867,0.881,4764700,4188342
516700.SH,2025-04-30,0.887,0.906,0.884,0.905,9671800,8720973
516700.SH,2025-05-06,0.913,0.935,0.913,0.934,8142600,7531075
516700.SH,2025-05-07,0.95,0.95,0.915,0.925,9148800,8496620
516700.SH,2025-05-08,0.924,0.933,0.92,0.93,5378900,4997698
516700.SH,2025-05-09,0.837,0.948,0.837,0.911,4633600,4239204
516700.SH,2025-05-12,0.914,0.93,0.914,0.924,3193900,2937629
516700.SH,2025-05-13,0.93,0.938,0.916,0.918,3556500,3280706
516700.SH,2025-05-14,0.919,0.928,0.911,0.921,4053100,3720987
516700.SH,2025-05-15,0.918,0.92,0.89,0.891,5963600,5354216
516700.SH,2025-05-16,0.89,0.893,0.885,0.888,4060300,3612503
516700.SH,2025-05-19,0.887,0.891,0.876,0.887,3566500,3152645
516700.SH,2025-05-20,0.888,0.894,0.878,0.891,1121700,996985
516700.SH,2025-05-21,0.891,0.891,0.882,0.884,3531500,3121661
516700.SH,2025-05-22,0.884,0.887,0.875,0.876,3896200,3427456
516700.SH,2025-05-23,0.875,0.881,0.86,0.861,8426500,7321252
516700.SH,2025-05-26,0.869,0.88,0.867,0.879,24849600,21706876
516700.SH,2025-05-27,0.88,0.88,0.864,0.868,11774100,10242507
516700.SH,2025-05-28,0.868,0.873,0.857,0.859,7815600,6728832
516700.SH,2025-05-29,0.865,0.88,0.859,0.88,8359400,7294350
516700.SH,2025-05-30,0.881,0.881,0.863,0.865,5011700,4347236
516700.SH,2025-06-03,0.865,0.877,0.865,0.87,9904400,8647559
516700.SH,2025-06-04,0.874,0.878,0.87,0.876,4841600,4238940
516700.SH,2025-06-05,0.882,0.898,0.877,0.895,12257500,10884415
516700.SH,2025-06-06,0.9,0.903,0.891,0.9,13677900,12277535
516700.SH,2025-06-09,0.91,0.91,0.894,0.907,35564300,32108472
516700.SH,2025-06-10,0.911,0.911,0.878,0.887,30621000,27463425
516700.SH,2025-06-11,0.887,0.897,0.884,0.886,19884800,17686044
516700.SH,2025-06-12,0.885,0.892,0.876,0.884,10397400,9220527
516700.SH,2025-06-13,0.883,0.883,0.866,0.869,7709800,6716101
516700.SH,2025-06-16,0.869,0.882,0.864,0.882,7133300,6266327
516700.SH,2025-06-17,0.881,0.882,0.872,0.876,5962000,5226364
516700.SH,2025-06-18,0.876,0.878,0.868,0.875,5194300,4534033
516700.SH,2025-06-19,0.875,0.88,0.861,0.861,7429900,6455911
516700.SH,2025-06-20,0.864,0.864,0.847,0.848,6935600,5921730
516700.SH,2025-06-23,0.842,0.863,0.835,0.861,5153600,4407455
516700.SH,2025-06-24,0.861,0.881,0.861,0.881,7495200,6566298
516700.SH,2025-06-25,0.882,0.901,0.877,0.9,10970200,9777702
516700.SH,2025-06-26,0.9,0.917,0.889,0.903,13187200,11990430
516700.SH,2025-06-27,0.906,0.917,0.895,0.903,9374100,8514775
516700.SH,2025-06-30,0.903,0.915,0.903,0.913,6227100,5676439
516700.SH,2025-07-01,0.91,0.911,0.896,0.902,4248500,3829925
516700.SH,2025-07-02,0.897,0.897,0.883,0.887,5488000,4879846
516700.SH,2025-07-03,0.887,0.895,0.886,0.891,4292600,3825197
516700.SH,2025-07-04,0.894,0.905,0.89,0.894,10098400,9077509
516700.SH,2025-07-07,0.892,0.893,0.883,0.888,2998700,2666297
516700.SH,2025-07-08,0.888,0.904,0.885,0.904,7319400,6575287
516700.SH,2025-07-09,0.905,0.906,0.897,0.9,6484000,5854486
516700.SH,2025-07-10,0.901,0.903,0.893,0.898,5376600,4826760
516700.SH,2025-07-11,0.898,0.914,0.889,0.911,9401900,8509162
516700.SH,2025-07-14,0.91,0.913,0.904,0.909,3729700,3385471
516700.SH,2025-07-15,0.912,0.935,0.909,0.935,13058200,12059409
516700.SH,2025-07-16,0.934,0.946,0.928,0.931,9525600,8916756
516700.SH,2025-07-17,0.927,0.942,0.926,0.94,5119000,4795576
516700.SH,2025-07-18,0.943,0.951,0.941,0.945,5527800,5231043
516700.SH,2025-07-21,0.945,0.952,0.935,0.94,5835700,5482950
516700.SH,2025-07-22,0.967,0.967,0.925,0.93,13466200,12557269
516700.SH,2025-07-23,0.932,0.939,0.925,0.93,4910900,4579111
516700.SH,2025-07-24,0.932,0.941,0.932,0.941,4583800,4298095
516700.SH,2025-07-25,0.94,0.958,0.94,0.958,8578800,8161584
516700.SH,2025-07-28,0.96,0.968,0.944,0.952,7882300,7479691
516700.SH,2025-07-29,0.95,0.96,0.938,0.959,7346800,6984257
516700.SH,2025-07-30,0.959,0.959,0.94,0.946,6606300,6265944
516700.SH,2025-07-31,0.946,0.97,0.943,0.954,14841500,14270662
516700.SH,2025-08-01,0.968,0.968,0.935,0.952,9017900,8559671
516700.SH,2025-08-04,0.944,0.961,0.941,0.961,6132100,5864336
516700.SH,2025-08-05,0.963,0.963,0.952,0.96,4224700,4040018
516700.SH,2025-08-06,0.958,0.971,0.953,0.971,7587000,7310513
516700.SH,2025-08-07,0.972,0.977,0.961,0.964,8799600,8508909
516700.SH,2025-08-08,0.964,0.964,0.943,0.944,8007700,7598472
516700.SH,2025-08-11,0.945,0.96,0.945,0.959,6329900,6046111
516700.SH,2025-08-12,0.959,0.967,0.95,0.966,8152100,7825679
516700.SH,2025-08-13,0.966,0.982,0.962,0.98,13305200,12986695
516700.SH,2025-08-14,0.981,1.003,0.977,0.981,14302700,14155923
516700.SH,2025-08-15,0.979,0.994,0.973,0.992,6586500,6497070
516700.SH,2025-08-18,0.994,1.028,0.994,1.018,18202700,18484692
516700.SH,2025-08-19,1.021,1.024,1.008,1.01,12243900,12437035
516700.SH,2025-08-20,1.009,1.032,0.992,1.032,9817000,9909190
516700.SH,2025-08-21,1.032,1.046,1.023,1.03,9640400,9964365
516700.SH,2025-08-22,1.032,1.08,1.032,1.078,25368200,26939757
516700.SH,2025-08-25,1.101,1.115,1.089,1.104,18049000,19906100
516700.SH,2025-08-26,1.101,1.118,1.087,1.104,10275200,11394049
516700.SH,2025-08-27,1.111,1.138,1.092,1.092,12712600,14201180
516700.SH,2025-08-28,1.084,1.117,1.074,1.115,17998600,19697515
516700.SH,2025-08-29,1.115,1.115,1.088,1.096,11699400,12815074
516700.SH,2025-09-01,1.11,1.126,1.094,1.102,9383100,10394573
516700.SH,2025-09-02,1.099,1.099,1.051,1.057,9498800,10158849
516700.SH,2025-09-03,1.072,1.073,1.021,1.025,7683800,7993461
516700.SH,2025-09-04,1.025,1.031,0.966,0.983,9917000,9909725
516700.SH,2025-09-05,0.978,1.01,0.972,1.01,11148800,11072078
516700.SH,2025-09-08,1.01,1.022,1.005,1.019,8531600,8662060
516700.SH,2025-09-09,1.018,1.02,0.991,0.995,6117100,6125014
516700.SH,2025-09-10,0.999,1.015,0.997,1.006,4932500,4966812
516700.SH,2025-09-11,1.012,1.058,0.997,1.056,15301100,15900420
516700.SH,2025-09-12,1.06,1.085,1.06,1.066,8375200,8983995
516700.SH,2025-09-15,1.075,1.08,1.055,1.065,6276900,6683765
516700.SH,2025-09-16,1.069,1.093,1.069,1.092,10855000,11785096
516700.SH,2025-09-17,1.083,1.093,1.07,1.09,9248000,10010900
516700.SH,2025-09-18,1.091,1.122,1.07,1.088,10147300,11183093
516700.SH,2025-09-19,1.085,1.095,1.07,1.073,6989300,7556615
516700.SH,2025-09-22,1.08,1.109,1.073,1.107,10639200,11683588
516700.SH,2025-09-23,1.113,1.113,1.059,1.085,10324200,11140957
516700.SH,2025-09-24,1.08,1.112,1.064,1.11,6911900,7597770
516700.SH,2025-09-25,1.111,1.161,1.111,1.15,34705000,39940607
516700.SH,2025-09-26,1.141,1.141,1.101,1.104,24693000,27625641
516700.SH,2025-09-29,1.098,1.113,1.084,1.106,13444600,14793591
516700.SH,2025-09-30,1.111,1.129,1.111,1.117,9351100,10470569
516700.SH,2025-10-09,1.118,1.159,1.118,1.145,12422900,14213434
516700.SH,2025-10-10,1.133,1.133,1.083,1.088,11968100,13186044
516700.SH,2025-10-13,1.038,1.1,1.038,1.095,9015800,9766482
516700.SH,2025-10-14,1.1,1.101,1.046,1.052,11425300,12352597
516700.SH,2025-10-15,1.043,1.072,1.038,1.071,4823200,5111634
516700.SH,2025-10-16,1.065,1.065,1.048,1.053,5734500,6040792
516700.SH,2025-10-17,1.049,1.051,1.013,1.016,6944600,7136412
516700.SH,2025-10-20,1.021,1.036,1.015,1.021,6714800,6905574
516700.SH,2025-10-21,1.022,1.04,1.02,1.038,6400100,6612223
516700.SH,2025-10-22,1.037,1.037,1.023,1.03,5123000,5277646
516700.SH,2025-10-23,1.023,1.033,1.007,1.031,3797700,3866783
516700.SH,2025-10-24,1.033,1.054,1.033,1.054,7190600,7524725
516700.SH,2025-10-27,1.063,1.068,1.046,1.057,7913200,8355445
516700.SH,2025-10-28,1.059,1.07,1.05,1.055,5468400,5795027
516700.SH,2025-10-29,1.055,1.068,1.053,1.067,5207300,5527910
516700.SH,2025-10-30,1.072,1.072,1.052,1.055,5030800,5347146
516700.SH,2025-10-31,1.055,1.068,1.045,1.06,5711700,6036315
516700.SH,2025-11-03,1.059,1.066,1.05,1.066,5361000,5668835
516700.SH,2025-11-04,1.066,1.066,1.041,1.049,3305000,3468885
516700.SH,2025-11-05,1.033,1.049,1.022,1.038,2802700,2892379
516700.SH,2025-11-06,1.037,1.057,1.036,1.052,3048400,3196754
516700.SH,2025-11-07,1.049,1.049,1.032,1.033,2656000,2749911
516700.SH,2025-11-10,1.034,1.04,1.024,1.029,3317200,3412965
516700.SH,2025-11-11,1.03,1.036,1.013,1.015,3326600,3392457
516700.SH,2025-11-12,1.011,1.011,0.995,1.002,3637100,3646696
516700.SH,2025-11-13,1.0,1.02,0.997,1.02,3778900,3826743
516700.SH,2025-11-14,1.02,1.02,0.993,0.996,4640600,4653323
516700.SH,2025-11-17,0.995,1.012,0.993,1.007,3222000,3242779
516700.SH,2025-11-18,1.007,1.025,1.0,1.018,4957200,5041624
516700.SH,2025-11-19,1.026,1.026,1.001,1.006,2834800,2858956
516700.SH,2025-11-20,1.015,1.017,0.994,0.997,3627100,3625302
516700.SH,2025-11-21,0.99,1.009,0.964,0.967,5083600,4952692
516700.SH,2025-11-24,0.973,0.998,0.959,0.991,3546200,3471196
516700.SH,2025-11-25,0.999,1.014,0.992,1.0,3673100,3694156
516700.SH,2025-11-26,1.0,1.015,0.996,1.001,1988600,2000732
516700.SH,2025-11-27,1.005,1.017,0.993,0.994,2241200,2247773
516700.SH,2025-11-28,0.997,0.997,0.985,0.997,2121700,2108193
516700.SH,2025-12-01,1.0,1.008,0.992,1.005,2642800,2646561
516700.SH,2025-12-02,1.01,1.014,0.988,0.992,2587100,2567902
516700.SH,2025-12-03,0.994,1.004,0.968,0.97,3334900,3262092
516700.SH,2025-12-04,0.97,0.976,0.96,0.975,2025500,1963487
516700.SH,2025-12-05,0.976,0.983,0.962,0.982,2970100,2892488
516700.SH,2025-12-08,0.982,0.997,0.982,0.993,2756300,2734622
516700.SH,2025-12-09,0.993,1.004,0.986,0.987,1529400,1522561
516700.SH,2025-12-10,0.98,0.98,0.96,0.969,9426100,9098232
516700.SH,2025-12-11,0.976,0.976,0.955,0.956,3288300,3163101
516700.SH,2025-12-12,0.956,0.967,0.949,0.965,4646100,4457563
516700.SH,2025-12-15,0.958,0.965,0.953,0.953,2031400,1945983
516700.SH,2025-12-16,0.953,0.954,0.933,0.935,2706200,2542095
516700.SH,2025-12-17,0.935,0.952,0.929,0.951,3557800,3346385
516700.SH,2025-12-18,0.94,0.965,0.94,0.942,5836500,5533396
516700.SH,2025-12-19,0.942,0.954,0.942,0.949,2013500,1914565
516700.SH,2025-12-22,0.952,0.961,0.952,0.957,1415900,1356774
516700.SH,2025-12-23,0.964,0.964,0.949,0.952,1349700,1285164
516700.SH,2025-12-24,0.952,0.96,0.952,0.958,1767300,1690392
516700.SH,2025-12-25,0.958,0.967,0.957,0.965,2125400,2047105
516700.SH,2025-12-26,0.966,0.977,0.962,0.971,2037100,1977241
516700.SH,2025-12-29,0.969,0.98,0.969,0.975,1799300,1754989
516700.SH,2025-12-30,0.977,0.982,0.971,0.977,1607300,1572540
516700.SH,2025-12-31,0.979,0.989,0.976,0.987,2067000,2037090
516700.SH,2026-01-05,0.987,1.019,0.987,1.018,9598000,9690839
516700.SH,2026-01-06,1.02,1.031,1.014,1.03,4930400,5049449
516700.SH,2026-01-07,1.029,1.034,1.02,1.03,3385700,3476945
516700.SH,2026-01-08,1.04,1.055,1.03,1.045,6189600,6465792
516700.SH,2026-01-09,1.046,1.088,1.046,1.087,7206800,7733706
516700.SH,2026-01-12,1.13,1.196,1.095,1.196,17271100,20089084
516700.SH,2026-01-13,1.232,1.252,1.143,1.148,22190700,26217327
516700.SH,2026-01-14,1.146,1.222,1.143,1.22,29397800,35354866
516700.SH,2026-01-15,1.221,1.225,1.163,1.174,28950000,34444205
516700.SH,2026-01-16,1.166,1.187,1.147,1.154,14715900,17124285
516700.SH,2026-01-19,1.138,1.152,1.128,1.13,10942200,12436659
516700.SH,2026-01-20,1.13,1.144,1.093,1.1,12722300,14113229
516700.SH,2026-01-21,1.094,1.119,1.086,1.107,7991100,8845265
516700.SH,2026-01-22,1.11,1.132,1.11,1.127,8225100,9242828
516700.SH,2026-01-23,1.13,1.14,1.12,1.14,9512000,10761639
516700.SH,2026-01-26,1.14,1.165,1.119,1.141,10437000,11905428
516700.SH,2026-01-27,1.137,1.141,1.113,1.138,7461800,8383933
516700.SH,2026-01-28,1.14,1.158,1.132,1.133,7480500,8559902
516700.SH,2026-01-29,1.132,1.172,1.11,1.136,12672600,14595216
516700.SH,2026-01-30,1.119,1.136,1.099,1.116,8859200,9889420
516700.SH,2026-02-02,1.122,1.125,1.083,1.085,6275400,6917756
516700.SH,2026-02-03,1.107,1.118,1.084,1.118,6262900,6911899
516700.SH,2026-02-04,1.099,1.11,1.069,1.085,8285400,8985491
516700.SH,2026-02-05,1.063,1.08,1.063,1.07,4049600,4339842
516700.SH,2026-02-06,1.058,1.081,1.05,1.066,3929900,4184732
516700.SH,2026-02-09,1.078,1.101,1.078,1.101,4844300,5287561
516700.SH,2026-02-10,1.106,1.123,1.101,1.111,7768200,8644324
516700.SH,2026-02-11,1.111,1.126,1.111,1.114,6759800,7567727
516700.SH,2026-02-12,1.131,1.151,1.12,1.147,11962600,13615674
516700.SH,2026-02-13,1.136,1.159,1.13,1.137,11686100,13359643
516700.SH,2026-02-24,1.159,1.159,1.102,1.108,12050900,13453155
516700.SH,2026-02-25,1.11,1.112,1.095,1.101,10557300,11648103
516700.SH,2026-02-26,1.101,1.129,1.098,1.12,14152100,15761382
516700.SH,2026-02-27,1.111,1.157,1.11,1.143,17736200,20190330
516700.SH,2026-03-02,1.118,1.133,1.105,1.106,12577800,14038611
516700.SH,2026-03-03,1.115,1.115,1.047,1.051,13088200,14062382
516700.SH,2026-03-04,1.048,1.062,1.039,1.044,9096000,9518184
516700.SH,2026-03-05,1.058,1.066,1.05,1.058,7114500,7519123
516700.SH,2026-03-06,1.054,1.072,1.05,1.071,9070900,9640056
516700.SH,2026-03-09,1.06,1.113,1.046,1.111,21683500,23515904
516700.SH,2026-03-10,1.127,1.141,1.1,1.12,27381700,30662931
516700.SH,2026-03-11,1.117,1.122,1.103,1.104,18342100,20411415
516700.SH,2026-03-12,1.104,1.126,1.093,1.101,17561400,19494594
516700.SH,2026-03-13,1.089,1.095,1.058,1.06,19424200,20813956
516700.SH,2026-03-16,1.049,1.058,1.034,1.058,12310000,12889534
516700.SH,2026-03-17,1.059,1.064,1.032,1.034,9136700,9588649
516700.SH,2026-03-18,1.032,1.078,1.032,1.076,15573100,16461507
516700.SH,2026-03-19,1.055,1.083,1.054,1.068,10505000,11245581
516700.SH,2026-03-20,1.074,1.074,1.026,1.027,13205800,13811886
516700.SH,2026-03-23,1.011,1.014,0.969,0.975,11158500,11134483
516700.SH,2026-03-24,0.991,0.992,0.962,0.989,8998900,8791860
516700.SH,2026-03-25,0.994,1.029,0.994,1.015,15885300,16150144
516700.SH,2026-03-26,1.01,1.023,0.983,0.987,8592600,8613897
516700.SH,2026-03-27,0.971,0.995,0.968,0.991,7453200,7329650
516700.SH,2026-03-30,0.983,0.993,0.957,0.989,8316900,8106210
516700.SH,2026-03-31,0.989,1.003,0.974,0.977,5724200,5656845
516700.SH,2026-04-01,0.993,1.003,0.99,0.998,6457200,6433124
516700.SH,2026-04-02,0.992,0.992,0.956,0.961,8816300,8537173
516700.SH,2026-04-03,0.973,0.973,0.954,0.961,7193800,6932653
516700.SH,2026-04-07,0.961,0.97,0.951,0.955,7220400,6946366
516700.SH,2026-04-08,0.977,1.026,0.976,1.026,13948400,13979391
516700.SH,2026-04-09,1.008,1.016,1.0,1.013,11515100,11634360
516700.SH,2026-04-10,1.021,1.036,1.019,1.022,8760200,9001095
516700.SH,2026-04-13,1.01,1.043,1.01,1.035,5977300,6167280
516700.SH,2026-04-14,1.05,1.055,1.039,1.05,10902300,11433908
516700.SH,2026-04-15,1.065,1.065,1.035,1.038,8129200,8505790
516700.SH,2026-04-16,1.038,1.066,1.038,1.063,10142300,10705092
516700.SH,2026-04-17,1.058,1.064,1.053,1.059,6852500,7257257
516700.SH,2026-04-20,1.058,1.083,1.058,1.074,19772700,21313814
516700.SH,2026-04-21,1.07,1.07,1.04,1.051,9973700,10442657
516700.SH,2026-04-22,1.05,1.08,1.043,1.078,15623100,16693972
516700.SH,2026-04-23,1.078,1.088,1.063,1.072,11194800,12046907
516700.SH,2026-04-24,1.068,1.076,1.04,1.067,16573900,17561236
516700.SH,2026-04-27,1.065,1.066,1.042,1.061,8064500,8500802
516700.SH,2026-04-28,1.057,1.063,1.026,1.033,12717200,13211013
516700.SH,2026-04-29,1.036,1.046,1.023,1.042,6821600,7071418
516700.SH,2026-04-30,1.038,1.044,1.023,1.043,8996800,9321653
516700.SH,2026-05-06,1.056,1.108,1.056,1.093,17809899,19455669
516700.SH,2026-05-07,1.101,1.115,1.089,1.115,16594600,18244099
516700.SH,2026-05-08,1.108,1.133,1.101,1.119,13045500,14586048
516700.SH,2026-05-11,1.132,1.142,1.109,1.12,18204900,20350813
516700.SH,2026-05-12,1.118,1.119,1.087,1.092,19254500,21169021
516700.SH,2026-05-13,1.084,1.133,1.08,1.133,18186600,20187834
516700.SH,2026-05-14,1.145,1.149,1.08,1.082,28032400,30948053
516700.SH,2026-05-15,1.095,1.106,1.062,1.07,20627300,22410807
516700.SH,2026-05-18,1.067,1.096,1.065,1.083,16309000,17649691
516700.SH,2026-05-19,1.084,1.103,1.072,1.102,15310500,16646645
516700.SH,2026-05-20,1.093,1.103,1.074,1.078,15310100,16574216
516700.SH,2026-05-21,1.082,1.095,1.023,1.028,24663000,26184362
516700.SH,2026-05-22,1.034,1.043,1.019,1.04,15592200,16096158
